,area1_sales,area2_sales,area3_sales,total_sales
1000,0.79,0.8,0.02,1.75
1001,0.83,0.08,0.18,1.75
1002,0.85,0.01,0.22,1.75
1003,1.25,0.0,0.03,1.75
1004,0.72,0.04,0.1,1.74
1005,0.63,0.45,0.17,1.74
1006,0.83,0.02,0.25,1.74
1007,1.19,0.0,0.16,1.74
1008,0.69,0.03,0.14,1.74
1009,0.96,0.01,0.16,1.74
1010,1.69,0.0,0.01,1.74
1011,1.66,0.0,0.04,1.74
1012,0.49,0.06,0.3,1.74
1013,0.59,0.13,0.27,1.74
1014,0.67,0.12,0.27,1.73
1015,0.85,0.0,0.22,1.73
1016,0.64,0.14,0.26,1.73
1017,1.48,0.0,0.05,1.73
1018,0.94,0.1,0.07,1.73
1019,1.15,0.0,0.14,1.73
1020,0.95,0.0,0.08,1.73
1021,1.06,0.01,0.14,1.73
1022,0.85,0.0,0.22,1.72
1023,0.61,0.06,0.27,1.72
1024,0.66,0.0,0.28,1.72
1025,0.61,0.0,0.94,1.72
1026,0.7,0.0,0.19,1.72
1027,0.41,0.0,0.33,1.72
1028,1.61,0.0,0.08,1.72
1029,0.8,0.55,0.15,1.72
1030,0.59,0.0,0.25,1.71
1031,1.43,0.0,0.12,1.71
1032,0.99,0.0,0.08,1.71
1033,1.15,0.0,0.15,1.71
1034,0.88,0.32,0.18,1.71
1035,1.09,0.0,0.07,1.71
1036,0.0,1.71,0.0,1.71
1037,1.25,0.0,0.06,1.71
1038,1.58,0.0,0.12,1.7
1039,0.34,0.03,0.26,1.7
1040,0.23,0.0,1.23,1.7
1041,0.99,0.14,0.15,1.7
1042,0.49,0.0,0.09,1.7
1043,0.62,0.79,0.08,1.7
1044,0.0,1.69,0.01,1.7
1045,0.69,0.0,0.19,1.7
1046,1.41,0.0,0.23,1.7
1047,1.22,0.04,0.1,1.69
1048,1.36,0.0,0.15,1.69
1049,0.88,0.02,0.25,1.69
1050,1.01,0.01,0.14,1.69
1051,0.94,0.0,0.11,1.69
1052,0.96,0.08,0.22,1.69
1053,0.55,0.0,0.13,1.69
1054,1.37,0.03,0.02,1.69
1055,1.1,0.04,0.07,1.69
1056,0.87,0.08,0.08,1.69
1057,0.79,0.01,0.18,1.69
1058,1.52,0.0,0.05,1.69
1059,0.98,0.0,0.19,1.69
1060,0.98,0.22,0.06,1.69
1061,0.8,0.07,0.3,1.69
1062,0.9,0.0,0.32,1.68
1063,0.82,0.0,0.22,1.68
1064,1.58,0.0,0.04,1.68
1065,0.9,0.0,0.15,1.68
1066,0.59,0.82,0.03,1.68
1067,0.38,0.33,0.1,1.68
1068,1.67,0.0,0.0,1.68
1069,1.23,0.0,0.14,1.68
1070,0.91,0.04,0.17,1.68
1071,1.18,0.17,0.06,1.68
1072,0.94,0.0,0.17,1.67
1073,0.93,0.0,0.22,1.67
1074,0.45,0.0,0.2,1.67
1075,1.58,0.0,0.04,1.67
1076,0.81,0.01,0.26,1.67
1077,0.43,0.42,0.15,1.67
1078,1.22,0.0,0.06,1.67
1079,0.91,0.42,0.04,1.67
1080,1.09,0.02,0.07,1.67
1081,0.59,0.03,0.1,1.67
1082,0.82,0.0,0.19,1.67
1083,0.97,0.04,0.07,1.67
1084,1.13,0.0,0.22,1.67
1085,1.35,0.0,0.23,1.67
1086,1.08,0.0,0.14,1.67
1087,0.63,0.11,0.26,1.66
1088,0.57,0.06,0.3,1.66
1089,1.0,0.31,0.04,1.66
1090,0.78,0.06,0.2,1.66
1091,0.86,0.01,0.14,1.66
1092,0.81,0.0,0.21,1.66
1093,0.76,0.02,0.18,1.66
1094,1.25,0.03,0.22,1.66
1095,0.96,0.54,0.04,1.66
1096,1.54,0.0,0.02,1.65
1097,0.9,0.6,0.05,1.65
1098,1.06,0.15,0.05,1.65
1099,0.48,0.33,0.16,1.65
1100,0.0,1.65,0.0,1.65
1101,1.09,0.02,0.16,1.65
1102,0.32,1.27,0.03,1.64
1103,0.8,0.76,0.03,1.64
1104,0.76,0.0,0.16,1.64
1105,1.52,0.0,0.02,1.64
1106,0.93,0.0,0.08,1.64
1107,0.74,0.61,0.03,1.64
1108,0.8,0.0,0.21,1.64
1109,1.44,0.0,0.05,1.64
1110,0.54,0.0,0.22,1.64
1111,1.02,0.0,0.14,1.64
1112,0.44,0.05,0.25,1.64
1113,1.54,0.0,0.07,1.63
1114,0.45,0.02,0.2,1.63
1115,0.78,0.56,0.04,1.63
1116,0.6,0.02,0.28,1.63
1117,1.18,0.0,0.1,1.63
1118,0.71,0.32,0.11,1.63
1119,1.33,0.0,0.15,1.63
1120,1.32,0.0,0.22,1.62
1121,0.59,0.02,0.17,1.62
1122,0.8,0.01,0.19,1.62
1123,0.82,0.03,0.15,1.62
1124,0.99,0.49,0.1,1.62
1125,1.01,0.45,0.04,1.62
1126,0.9,0.0,0.11,1.62
1127,0.8,0.3,0.13,1.61
1128,0.79,0.0,0.21,1.61
1129,0.92,0.03,0.13,1.61
1130,0.66,0.65,0.03,1.61
1131,0.0,1.61,0.01,1.61
1132,0.98,0.2,0.04,1.61
1133,0.0,0.0,0.43,1.61
1134,1.5,0.0,0.11,1.61
1135,0.79,0.01,0.13,1.61
1136,0.95,0.01,0.15,1.6
1137,0.4,0.0,0.22,1.6
1138,1.3,0.0,0.07,1.6
1139,0.71,0.02,0.18,1.6
1140,0.46,0.09,0.08,1.6
1141,1.49,0.0,0.02,1.6
1142,0.71,0.3,0.1,1.6
1143,0.19,1.36,0.02,1.6
1144,0.58,0.02,0.26,1.6
1145,1.05,0.06,0.04,1.6
1146,1.26,0.0,0.21,1.59
1147,0.01,0.0,0.0,1.59
1148,1.15,0.04,0.04,1.59
1149,0.61,0.46,0.1,1.59
1150,0.58,0.34,0.21,1.59
1151,1.48,0.0,0.02,1.59
1152,0.04,0.32,0.13,1.59
1153,0.92,0.07,0.15,1.59
1154,0.95,0.0,0.14,1.59
1155,0.88,0.0,0.1,1.59
1156,0.47,0.03,0.29,1.58
1157,0.87,0.0,0.15,1.58
1158,0.85,0.0,0.16,1.58
1159,0.81,0.01,0.17,1.58
1160,0.88,0.0,0.1,1.58
1161,0.62,0.01,0.15,1.58
1162,0.94,0.0,0.15,1.58
1163,0.64,0.0,0.17,1.58
1164,0.88,0.34,0.09,1.58
1165,1.06,0.0,0.15,1.58
1166,0.58,0.44,0.12,1.58
1167,0.85,0.0,0.08,1.58
1168,0.1,0.12,1.16,1.57
1169,0.77,0.0,0.2,1.57
1170,0.98,0.0,0.06,1.57
1171,0.95,0.46,0.04,1.57
1172,0.18,0.49,0.25,1.56
1173,0.77,0.0,0.2,1.56
1174,1.07,0.0,0.1,1.56
1175,0.59,0.81,0.02,1.56
1176,1.32,0.0,0.05,1.56
1177,0.58,0.33,0.21,1.56
1178,0.67,0.69,0.03,1.56
1179,0.0,1.56,0.0,1.56
1180,0.68,0.44,0.05,1.56
1181,0.59,0.01,0.21,1.56
1182,0.84,0.0,0.15,1.55
1183,0.72,0.04,0.25,1.55
1184,0.76,0.0,0.2,1.55
1185,0.91,0.0,0.07,1.55
1186,0.79,0.19,0.14,1.55
1187,0.85,0.02,0.22,1.55
1188,1.13,0.02,0.03,1.55
1189,0.57,0.02,0.09,1.55
1190,0.9,0.0,0.13,1.55
1191,0.8,0.0,0.22,1.55
1192,0.6,0.21,0.23,1.55
1193,1.55,0.0,0.0,1.55
1194,1.07,0.0,0.12,1.55
1195,0.69,0.24,0.11,1.55
1196,1.06,0.01,0.12,1.54
1197,0.68,0.29,0.14,1.54
1198,0.71,0.52,0.1,1.54
1199,0.83,0.08,0.19,1.54
1200,0.58,0.0,0.09,1.54
1201,1.4,0.02,0.1,1.54
1202,0.86,0.01,0.15,1.54
1203,1.26,0.0,0.21,1.54
1204,0.85,0.0,0.1,1.54
1205,0.63,0.0,0.21,1.53
1206,0.92,0.0,0.21,1.53
1207,0.71,0.01,0.17,1.53
1208,0.57,0.0,0.17,1.53
1209,1.19,0.0,0.05,1.53
1210,1.44,0.0,0.04,1.53
1211,0.95,0.0,0.14,1.53
1212,0.17,0.0,0.1,1.53
1213,1.09,0.25,0.04,1.53
1214,0.85,0.0,0.1,1.53
1215,0.73,0.15,0.12,1.52
1216,0.94,0.0,0.13,1.52
1217,0.44,0.0,0.39,1.52
1218,1.07,0.0,0.06,1.52
1219,0.36,0.0,0.27,1.52
1220,1.43,0.0,0.04,1.52
1221,0.0,1.52,0.0,1.52
1222,0.18,1.27,0.01,1.52
1223,1.45,0.0,0.04,1.52
1224,1.43,0.0,0.03,1.52
1225,0.5,0.04,0.26,1.52
1226,0.6,0.03,0.26,1.52
1227,1.11,0.06,0.04,1.52
1228,1.26,0.0,0.21,1.51
1229,1.3,0.0,0.12,1.51
1230,0.65,0.0,0.15,1.51
1231,0.84,0.0,0.13,1.51
1232,0.02,0.0,0.34,1.51
1233,0.0,1.51,0.0,1.51
1234,0.93,0.42,0.01,1.51
1235,0.23,0.0,0.11,1.51
1236,1.41,0.0,0.04,1.51
1237,0.35,0.0,1.13,1.51
1238,1.18,0.0,0.05,1.51
1239,0.99,0.11,0.08,1.5
1240,0.64,0.05,0.23,1.5
1241,0.66,0.15,0.17,1.5
1242,0.86,0.0,0.17,1.5
1243,1.41,0.0,0.04,1.5
1244,0.49,0.0,0.23,1.5
1245,1.08,0.0,0.11,1.5
1246,1.19,0.05,0.2,1.5
1247,1.2,0.02,0.02,1.5
1248,0.46,0.92,0.02,1.5
1249,1.0,0.09,0.05,1.5
1250,0.0,1.5,0.0,1.5
1251,0.75,0.09,0.12,1.5
1252,1.13,0.0,0.16,1.5
1253,1.21,0.1,0.04,1.5
1254,1.08,0.0,0.13,1.49
1255,0.72,0.36,0.04,1.49
1256,1.0,0.0,0.06,1.49
1257,1.22,0.0,0.27,1.49
1258,1.0,0.0,0.13,1.49
1259,0.82,0.25,0.06,1.49
1260,0.0,0.0,0.39,1.49
1261,0.82,0.01,0.14,1.49
1262,0.61,0.0,0.15,1.49
1263,0.37,0.28,0.14,1.48
1264,0.43,0.0,0.18,1.48
1265,0.47,0.52,0.12,1.48
1266,0.28,0.65,0.05,1.48
1267,1.2,0.02,0.02,1.48
1268,0.7,0.39,0.04,1.48
1269,0.78,0.03,0.2,1.48
1270,0.72,0.0,0.19,1.48
1271,1.08,0.0,0.2,1.48
1272,0.82,0.0,0.07,1.48
1273,0.39,0.0,0.17,1.47
1274,0.58,0.06,0.28,1.47
1275,0.72,0.14,0.2,1.47
1276,0.62,0.65,0.02,1.47
1277,1.04,0.0,0.06,1.47
1278,1.33,0.01,0.1,1.47
1279,0.45,0.44,0.18,1.47
1280,0.69,0.49,0.09,1.47
1281,0.95,0.0,0.12,1.47
1282,0.78,0.03,0.15,1.47
1283,1.15,0.0,0.12,1.47
1284,0.4,0.02,0.33,1.47
1285,0.29,0.89,0.1,1.46
1286,1.02,0.0,0.06,1.46
1287,0.93,0.02,0.12,1.46
1288,0.81,0.04,0.15,1.46
1289,0.72,0.0,0.19,1.46
1290,0.46,0.0,0.17,1.46
1291,0.83,0.02,0.12,1.46
1292,0.95,0.1,0.04,1.46
1293,1.36,0.0,0.02,1.46
1294,0.81,0.0,0.1,1.46
1295,0.93,0.25,0.04,1.46
1296,0.63,0.03,0.21,1.46
1297,0.94,0.0,0.11,1.46
1298,0.47,0.06,0.28,1.46
1299,1.17,0.04,0.05,1.46
1300,0.53,0.0,0.35,1.46
1301,0.51,0.07,0.12,1.46
1302,0.37,0.54,0.07,1.45
1303,0.89,0.0,0.12,1.45
1304,0.86,0.0,0.13,1.45
1305,0.75,0.01,0.21,1.45
1306,0.71,0.0,0.19,1.45
1307,0.0,0.0,0.32,1.45
1308,0.54,0.46,0.1,1.45
1309,0.53,0.0,0.16,1.45
1310,0.0,1.44,0.01,1.45
1311,0.0,1.45,0.0,1.45
1312,0.0,1.45,0.0,1.45
1313,0.0,1.44,0.01,1.45
1314,1.24,0.03,0.01,1.45
1315,0.97,0.0,0.13,1.45
1316,0.11,1.24,0.02,1.45
1317,1.38,0.0,0.02,1.45
1318,0.37,0.0,0.18,1.45
1319,0.79,0.0,0.13,1.44
1320,0.04,0.0,0.32,1.44
1321,0.73,0.0,0.28,1.44
1322,0.48,0.0,0.19,1.44
1323,0.26,1.09,0.02,1.44
1324,0.33,0.08,0.23,1.44
1325,0.92,0.0,0.13,1.44
1326,0.92,0.0,0.12,1.44
1327,1.23,0.02,0.11,1.44
1328,0.33,0.05,0.31,1.44
1329,1.03,0.0,0.09,1.44
1330,0.73,0.0,0.21,1.44
1331,1.16,0.0,0.19,1.44
1332,0.8,0.0,0.09,1.43
1333,0.96,0.0,0.11,1.43
1334,0.91,0.0,0.13,1.43
1335,0.85,0.0,0.13,1.43
1336,0.81,0.0,0.14,1.43
1337,0.82,0.35,0.03,1.43
1338,0.0,1.39,0.03,1.43
1339,0.79,0.0,0.09,1.43
1340,0.07,1.3,0.01,1.42
1341,0.7,0.0,0.18,1.42
1342,0.8,0.02,0.19,1.42
1343,1.35,0.0,0.02,1.42
1344,0.89,0.22,0.1,1.42
1345,1.15,0.0,0.19,1.42
1346,0.71,0.0,0.14,1.42
1347,0.57,0.71,0.02,1.42
1348,0.12,1.3,0.0,1.42
1349,0.89,0.0,0.13,1.42
1350,0.63,0.35,0.05,1.42
1351,0.0,1.18,0.03,1.42
1352,0.47,0.06,0.25,1.41
1353,0.58,0.0,0.32,1.41
1354,0.64,0.0,0.14,1.41
1355,0.95,0.0,0.13,1.41
1356,1.09,0.0,0.04,1.41
1357,0.97,0.0,0.11,1.41
1358,1.07,0.0,0.19,1.41
1359,0.97,0.03,0.05,1.41
1360,0.36,0.32,0.28,1.41
1361,0.87,0.13,0.1,1.41
1362,1.02,0.0,0.05,1.41
1363,0.0,0.77,0.17,1.41
1364,1.19,0.0,0.05,1.41
1365,0.69,0.0,0.18,1.41
1366,0.82,0.0,0.12,1.4
1367,1.07,0.0,0.05,1.4
1368,0.38,0.03,0.93,1.4
1369,1.15,0.0,0.05,1.4
1370,0.43,0.01,0.27,1.4
1371,0.74,0.08,0.06,1.4
1372,0.0,1.39,0.01,1.4
1373,0.38,0.0,0.16,1.4
1374,0.03,0.02,0.3,1.4
1375,0.78,0.0,0.09,1.39
1376,0.49,0.02,0.22,1.39
1377,0.34,0.54,0.1,1.39
1378,1.27,0.0,0.09,1.39
1379,0.5,0.07,0.23,1.39
1380,1.19,0.0,0.03,1.39
1381,1.05,0.15,0.02,1.39
1382,0.24,0.91,0.06,1.39
1383,0.87,0.0,0.13,1.39
1384,0.51,0.0,0.26,1.39
1385,0.76,0.02,0.12,1.39
1386,0.96,0.0,0.05,1.38
1387,0.49,0.0,0.33,1.38
1388,0.58,0.59,0.02,1.38
1389,0.5,0.49,0.07,1.38
1390,0.87,0.02,0.11,1.38
1391,0.77,0.0,0.07,1.38
1392,0.46,0.38,0.21,1.38
1393,0.43,0.15,0.22,1.38
1394,0.71,0.0,0.13,1.38
1395,1.24,0.0,0.09,1.38
1396,0.8,0.01,0.13,1.38
1397,0.67,0.0,0.18,1.38
1398,0.63,0.0,0.15,1.38
1399,0.6,0.0,0.76,1.37
1400,0.46,0.06,0.23,1.37
1401,0.24,0.16,0.26,1.37
1402,0.76,0.0,0.09,1.37
1403,0.5,0.01,0.09,1.37
1404,0.43,0.02,0.26,1.37
1405,0.74,0.01,0.13,1.37
1406,0.99,0.0,0.05,1.37
1407,0.55,0.0,0.22,1.37
1408,0.0,1.37,0.0,1.37
1409,0.86,0.02,0.22,1.36
1410,0.86,0.0,0.06,1.36
1411,0.63,0.0,0.07,1.36
1412,0.63,0.01,0.15,1.36
1413,0.23,0.0,1.09,1.36
1414,0.27,1.0,0.01,1.36
1415,0.0,1.36,0.0,1.36
1416,1.26,0.0,0.01,1.36
1417,0.47,0.28,0.09,1.36
1418,0.82,0.0,0.11,1.36
1419,0.67,0.0,0.17,1.36
1420,0.81,0.11,0.14,1.35
1421,0.0,1.26,0.09,1.35
1422,0.25,0.08,0.27,1.35
1423,1.29,0.0,0.03,1.35
1424,0.23,0.02,0.37,1.35
1425,1.18,0.06,0.09,1.35
1426,0.2,0.0,0.39,1.35
1427,0.59,0.05,0.14,1.35
1428,0.66,0.05,0.13,1.35
1429,0.76,0.05,0.18,1.35
1430,1.0,0.0,0.13,1.35
1431,0.22,1.06,0.02,1.35
1432,0.7,0.0,0.07,1.35
1433,0.79,0.08,0.13,1.35
1434,0.66,0.04,0.21,1.35
1435,0.24,1.03,0.04,1.35
1436,0.7,0.02,0.12,1.35
1437,0.15,1.07,0.09,1.35
1438,0.0,0.0,0.31,1.35
1439,0.31,0.01,0.14,1.35
1440,0.67,0.13,0.17,1.35
1441,0.95,0.01,0.18,1.34
1442,0.77,0.43,0.08,1.34
1443,1.09,0.1,0.11,1.34
1444,1.03,0.0,0.04,1.34
1445,0.85,0.0,0.06,1.34
1446,0.84,0.24,0.04,1.34
1447,1.22,0.05,0.01,1.34
1448,0.65,0.0,0.17,1.34
1449,1.32,0.0,0.0,1.34
1450,1.1,0.0,0.18,1.34
1451,0.62,0.01,0.21,1.33
1452,1.27,0.0,0.02,1.33
1453,0.79,0.0,0.11,1.33
1454,0.47,0.06,0.21,1.33
1455,0.86,0.0,0.11,1.33
1456,0.89,0.01,0.12,1.33
1457,0.92,0.01,0.05,1.33
1458,1.08,0.0,0.02,1.33
1459,0.9,0.01,0.05,1.33
1460,0.93,0.0,0.06,1.33
1461,0.74,0.0,0.09,1.33
1462,0.87,0.07,0.04,1.33
1463,0.9,0.0,0.11,1.33
1464,0.43,0.32,0.18,1.33
1465,0.65,0.0,0.17,1.33
1466,0.71,0.0,0.13,1.33
1467,0.51,0.58,0.06,1.33
1468,0.72,0.01,0.1,1.32
1469,0.69,0.02,0.24,1.32
1470,0.72,0.0,0.19,1.32
1471,0.4,0.4,0.17,1.32
1472,0.01,0.0,1.18,1.32
1473,0.52,0.18,0.19,1.32
1474,0.69,0.0,0.11,1.32
1475,0.03,0.02,0.11,1.32
1476,0.73,0.4,0.03,1.32
1477,1.06,0.0,0.18,1.32
1478,0.73,0.0,0.09,1.32
1479,0.31,0.96,0.01,1.32
1480,0.77,0.09,0.16,1.32
1481,0.73,0.0,0.09,1.32
1482,0.72,0.04,0.12,1.32
1483,0.75,0.0,0.11,1.32
1484,0.73,0.0,0.09,1.31
1485,0.64,0.0,0.17,1.31
1486,0.97,0.0,0.11,1.31
1487,0.71,0.05,0.13,1.31
1488,0.84,0.0,0.12,1.31
1489,1.22,0.0,0.09,1.31
1490,0.78,0.0,0.07,1.31
1491,0.57,0.0,0.07,1.31
1492,0.81,0.0,0.12,1.31
1493,1.22,0.0,0.02,1.31
1494,0.64,0.0,0.17,1.31
1495,0.68,0.0,0.13,1.31
1496,1.11,0.06,0.09,1.31
1497,0.84,0.0,0.04,1.31
1498,0.94,0.0,0.02,1.3
1499,0.45,0.06,0.21,1.3
1500,1.07,0.02,0.17,1.3
1501,0.56,0.09,0.21,1.3
1502,0.27,0.0,1.02,1.3
1503,0.69,0.0,0.13,1.3
1504,1.05,0.0,0.05,1.3
1505,0.0,1.29,0.01,1.3
1506,0.78,0.0,0.11,1.3
1507,0.56,0.28,0.08,1.3
1508,0.53,0.02,0.1,1.3
1509,0.46,0.02,0.15,1.29
1510,0.61,0.11,0.1,1.29
1511,0.39,0.85,0.03,1.29
1512,0.11,0.0,0.25,1.29
1513,0.54,0.45,0.04,1.29
1514,1.0,0.02,0.1,1.29
1515,0.73,0.0,0.12,1.29
1516,0.93,0.0,0.02,1.29
1517,0.63,0.0,0.16,1.29
1518,1.04,0.0,0.1,1.29
1519,0.76,0.0,0.12,1.29
1520,0.71,0.24,0.13,1.29
1521,1.22,0.0,0.01,1.29
1522,0.63,0.0,0.16,1.28
1523,0.72,0.01,0.11,1.28
1524,0.55,0.0,0.14,1.28
1525,0.45,0.17,0.2,1.28
1526,0.0,1.28,0.0,1.28
1527,0.61,0.0,0.11,1.28
1528,1.1,0.0,0.04,1.28
1529,0.72,0.0,0.11,1.28
1530,1.07,0.0,0.04,1.28
1531,0.63,0.0,0.16,1.28
1532,0.48,0.36,0.07,1.28
1533,0.62,0.0,0.16,1.28
1534,0.45,0.05,0.22,1.27
1535,0.58,0.21,0.08,1.27
1536,1.22,0.0,0.0,1.27
1537,0.72,0.0,0.52,1.27
1538,0.71,0.0,0.08,1.27
1539,0.44,0.47,0.06,1.27
1540,1.18,0.0,0.01,1.27
1541,1.0,0.0,0.11,1.27
1542,0.74,0.0,0.12,1.27
1543,0.85,0.0,0.05,1.27
1544,0.68,0.41,0.02,1.27
1545,0.77,0.0,0.12,1.27
1546,0.96,0.0,0.11,1.27
1547,0.49,0.26,0.13,1.27
1548,0.39,0.0,0.15,1.27
1549,0.87,0.06,0.03,1.27
1550,0.62,0.0,0.16,1.27
1551,0.39,0.53,0.08,1.27
1552,0.0,1.27,0.0,1.27
1553,0.56,0.0,0.14,1.26
1554,0.1,1.12,0.01,1.26
1555,0.0,0.0,0.25,1.26
1556,0.05,1.1,0.08,1.26
1557,0.54,0.62,0.05,1.26
1558,0.61,0.13,0.1,1.26
1559,0.49,0.03,0.21,1.26
1560,0.0,0.0,0.11,1.26
1561,0.02,0.01,0.1,1.26
1562,0.5,0.0,0.14,1.26
1563,0.99,0.0,0.04,1.26
1564,0.63,0.0,0.11,1.26
1565,0.45,0.0,0.12,1.26
1566,0.94,0.02,0.13,1.25
1567,0.7,0.0,0.08,1.25
1568,0.49,0.01,0.75,1.25
1569,0.47,0.03,0.22,1.25
1570,0.0,1.25,0.0,1.25
1571,0.0,1.25,0.0,1.25
1572,0.99,0.1,0.04,1.25
1573,0.48,0.01,0.23,1.25
1574,0.71,0.31,0.03,1.25
1575,1.01,0.03,0.16,1.25
1576,1.19,0.0,0.0,1.25
1577,0.61,0.0,0.16,1.25
1578,0.52,0.0,0.17,1.25
1579,1.05,0.0,0.04,1.25
1580,0.85,0.22,0.14,1.24
1581,0.61,0.0,0.16,1.24
1582,1.12,0.0,0.09,1.24
1583,0.29,0.67,0.09,1.24
1584,1.1,0.0,0.1,1.24
1585,0.65,0.0,0.19,1.24
1586,0.43,0.05,0.28,1.24
1587,0.75,0.0,0.06,1.24
1588,0.66,0.0,0.11,1.24
1589,0.24,0.75,0.06,1.24
1590,0.69,0.0,0.55,1.24
1591,0.56,0.43,0.03,1.24
1592,0.82,0.0,0.04,1.24
1593,0.55,0.0,0.13,1.23
1594,0.6,0.0,0.16,1.23
1595,0.3,0.07,0.22,1.23
1596,0.92,0.07,0.04,1.23
1597,0.59,0.0,0.07,1.23
1598,0.6,0.0,0.16,1.23
1599,0.69,0.0,0.08,1.23
1600,0.08,0.0,0.13,1.23
1601,1.0,0.0,0.1,1.23
1602,0.25,0.03,0.25,1.23
1603,0.29,0.75,0.02,1.23
1604,0.88,0.0,0.02,1.23
1605,0.68,0.0,0.08,1.23
1606,0.54,0.62,0.01,1.23
1607,0.79,0.12,0.04,1.23
1608,0.44,0.21,0.17,1.23
1609,0.4,0.7,0.02,1.23
1610,1.05,0.01,0.11,1.23
1611,0.92,0.0,0.23,1.23
1612,0.72,0.0,0.12,1.23
1613,0.5,0.0,0.1,1.23
1614,0.45,0.0,0.14,1.23
1615,0.5,0.0,0.2,1.22
1616,0.42,0.15,0.18,1.22
1617,0.58,0.46,0.03,1.22
1618,0.13,1.0,0.02,1.22
1619,0.76,0.12,0.04,1.22
1620,0.79,0.08,0.04,1.22
1621,0.27,0.85,0.02,1.22
1622,0.59,0.01,0.15,1.22
1623,0.12,0.11,0.25,1.22
1624,0.72,0.0,0.21,1.22
1625,1.13,0.0,0.03,1.22
1626,0.0,1.14,0.08,1.22
1627,0.61,0.27,0.07,1.22
1628,0.68,0.0,0.08,1.22
1629,0.98,0.0,0.05,1.22
1630,0.68,0.0,0.08,1.22
1631,0.59,0.01,0.15,1.22
1632,0.55,0.14,0.09,1.22
1633,1.01,0.0,0.16,1.21
1634,0.93,0.0,0.04,1.21
1635,0.78,0.0,0.04,1.21
1636,0.13,0.01,0.37,1.21
1637,1.03,0.0,0.04,1.21
1638,0.66,0.0,0.12,1.21
1639,0.66,0.35,0.03,1.21
1640,0.0,1.2,0.01,1.21
1641,0.66,0.01,0.06,1.21
1642,0.34,0.28,0.1,1.21
1643,0.69,0.01,0.03,1.21
1644,0.87,0.0,0.02,1.21
1645,0.67,0.0,0.08,1.21
1646,0.24,0.0,0.32,1.21
1647,0.01,0.31,0.0,1.2
1648,0.59,0.0,0.15,1.2
1649,0.52,0.0,0.2,1.2
1650,1.0,0.0,0.16,1.2
1651,0.48,0.56,0.03,1.2
1652,0.52,0.0,0.1,1.2
1653,0.77,0.0,0.12,1.2
1654,0.72,0.01,0.11,1.2
1655,0.41,0.0,0.19,1.2
1656,0.0,1.2,0.0,1.2
1657,0.0,1.2,0.0,1.2
1658,0.0,1.2,0.0,1.2
1659,1.12,0.0,0.02,1.2
1660,0.4,0.36,0.04,1.2
1661,0.72,0.01,0.04,1.2
1662,0.59,0.0,0.15,1.2
1663,0.74,0.36,0.07,1.2
1664,0.55,0.42,0.06,1.2
1665,0.01,0.86,0.09,1.2
1666,0.49,0.0,0.21,1.19
1667,0.38,0.38,0.09,1.19
1668,0.66,0.0,0.08,1.19
1669,0.56,0.19,0.09,1.19
1670,0.45,0.0,0.28,1.19
1671,0.86,0.0,0.02,1.19
1672,0.09,0.11,0.15,1.19
1673,0.92,0.0,0.04,1.19
1674,0.18,0.27,0.1,1.19
1675,0.99,0.0,0.16,1.19
1676,1.02,0.04,0.01,1.19
1677,0.68,0.35,0.02,1.19
1678,0.99,0.0,0.04,1.19
1679,0.41,0.0,0.12,1.19
1680,0.86,0.01,0.04,1.19
1681,0.64,0.29,0.02,1.19
1682,0.83,0.0,0.22,1.19
1683,0.46,0.33,0.08,1.19
1684,0.9,0.0,0.08,1.19
1685,0.66,0.0,0.08,1.18
1686,1.1,0.0,0.01,1.18
1687,0.48,0.36,0.1,1.18
1688,0.4,0.0,0.29,1.18
1689,0.1,1.08,0.0,1.18
1690,0.52,0.38,0.04,1.18
1691,0.5,0.44,0.06,1.18
1692,0.85,0.0,0.02,1.18
1693,0.53,0.02,0.17,1.18
1694,0.48,0.01,0.2,1.18
1695,0.95,0.0,0.08,1.18
1696,0.41,0.04,0.66,1.18
1697,0.5,0.52,0.02,1.18
1698,0.03,0.0,0.09,1.17
1699,0.65,0.0,0.08,1.17
1700,0.7,0.0,0.1,1.17
1701,0.74,0.02,0.15,1.17
1702,0.98,0.0,0.16,1.17
1703,0.57,0.0,0.15,1.17
1704,0.6,0.15,0.11,1.17
1705,0.54,0.01,0.12,1.17
1706,0.58,0.01,0.1,1.17
1707,0.68,0.39,0.0,1.17
1708,0.32,0.04,0.18,1.17
1709,0.74,0.02,0.03,1.17
1710,0.0,1.17,0.0,1.17
1711,0.57,0.0,0.15,1.17
1712,0.65,0.0,0.08,1.17
1713,0.16,0.83,0.08,1.17
1714,0.76,0.0,0.05,1.17
1715,0.0,0.0,0.22,1.17
1716,0.65,0.0,0.08,1.17
1717,0.51,0.01,0.13,1.17
1718,0.82,0.0,0.11,1.17
1719,0.68,0.21,0.02,1.17
1720,0.43,0.02,0.2,1.16
1721,0.78,0.0,0.1,1.16
1722,0.58,0.0,0.14,1.16
1723,0.38,0.01,0.25,1.16
1724,0.45,0.3,0.16,1.16
1725,0.97,0.0,0.16,1.16
1726,0.57,0.0,0.15,1.16
1727,0.45,0.0,0.13,1.16
1728,0.39,0.43,0.08,1.16
1729,0.66,0.0,0.11,1.16
1730,0.57,0.0,0.15,1.16
1731,0.78,0.07,0.02,1.16
1732,0.57,0.5,0.01,1.16
1733,0.84,0.0,0.05,1.16
1734,0.21,0.77,0.02,1.16
1735,0.65,0.0,0.08,1.16
1736,0.5,0.02,0.25,1.16
1737,0.54,0.0,0.12,1.16
1738,0.52,0.09,0.17,1.16
1739,0.83,0.0,0.05,1.16
1740,0.15,0.01,0.32,1.16
1741,0.51,0.0,0.1,1.16
1742,0.0,0.0,0.01,1.15
1743,0.52,0.0,0.17,1.15
1744,0.56,0.0,0.15,1.15
1745,0.57,0.09,0.16,1.15
1746,0.56,0.0,0.15,1.15
1747,1.07,0.0,0.01,1.15
1748,0.44,0.06,0.18,1.15
1749,0.69,0.01,0.11,1.15
1750,0.0,0.0,0.03,1.15
1751,0.51,0.41,0.03,1.15
1752,0.0,1.15,0.0,1.15
1753,0.0,1.15,0.0,1.15
1754,0.5,0.0,0.13,1.15
1755,0.75,0.05,0.12,1.15
1756,0.5,0.46,0.03,1.15
1757,0.45,0.0,0.19,1.15
1758,0.0,1.15,0.0,1.15
1759,0.56,0.0,0.15,1.15
1760,0.64,0.0,0.07,1.15
1761,0.0,1.07,0.07,1.15
1762,0.47,0.35,0.07,1.14
1763,0.64,0.0,0.07,1.14
1764,0.44,0.25,0.11,1.14
1765,0.78,0.2,0.13,1.14
1766,0.25,0.65,0.07,1.14
1767,0.31,0.76,0.04,1.14
1768,0.95,0.0,0.16,1.14
1769,0.31,0.02,0.22,1.14
1770,0.26,0.0,0.14,1.14
1771,0.9,0.0,0.02,1.14
1772,0.71,0.25,0.03,1.14
1773,0.46,0.48,0.02,1.14
1774,0.41,0.47,0.03,1.14
1775,0.58,0.15,0.04,1.14
1776,0.71,0.0,0.05,1.14
1777,0.82,0.0,0.02,1.14
1778,0.0,0.0,0.62,1.14
1779,0.65,0.0,0.11,1.14
1780,0.12,0.88,0.03,1.14
1781,0.7,0.01,0.03,1.14
1782,1.01,0.0,0.03,1.13
1783,0.5,0.06,0.16,1.13
1784,0.61,0.0,0.09,1.13
1785,0.0,1.06,0.07,1.13
1786,0.81,0.0,0.02,1.13
1787,0.33,0.37,0.06,1.13
1788,0.99,0.0,0.02,1.13
1789,0.38,0.0,0.19,1.13
1790,0.23,0.84,0.01,1.13
1791,0.63,0.0,0.07,1.13
1792,0.64,0.0,0.1,1.13
1793,0.34,0.04,0.19,1.13
1794,0.21,0.62,0.08,1.13
1795,0.81,0.0,0.02,1.13
1796,0.67,0.0,0.15,1.13
1797,0.72,0.01,0.09,1.12
1798,1.05,0.0,0.01,1.12
1799,0.55,0.0,0.14,1.12
1800,0.56,0.3,0.02,1.12
1801,0.63,0.02,0.1,1.12
1802,0.36,0.28,0.15,1.12
1803,0.5,0.1,0.16,1.12
1804,0.84,0.01,0.08,1.12
1805,0.62,0.0,0.1,1.12
1806,1.03,0.01,0.08,1.12
1807,0.66,0.0,0.05,1.12
1808,0.41,0.63,0.02,1.12
1809,0.28,0.0,0.54,1.12
1810,0.0,0.0,0.0,1.12
1811,0.82,0.0,0.04,1.12
1812,0.85,0.0,0.04,1.11
1813,0.32,0.04,0.17,1.11
1814,0.63,0.0,0.11,1.11
1815,0.31,0.03,0.2,1.11
1816,0.92,0.0,0.15,1.11
1817,0.62,0.0,0.08,1.11
1818,0.68,0.0,0.05,1.11
1819,0.33,0.7,0.01,1.11
1820,0.0,1.1,0.01,1.11
1821,0.95,0.0,0.03,1.11
1822,0.54,0.0,0.12,1.11
1823,0.45,0.29,0.06,1.11
1824,0.18,0.73,0.07,1.11
1825,0.52,0.0,0.23,1.11
1826,0.51,0.0,0.17,1.11
1827,0.53,0.0,0.17,1.1
1828,1.03,0.0,0.01,1.1
1829,0.45,0.01,0.12,1.1
1830,0.52,0.17,0.08,1.1
1831,1.03,0.0,0.01,1.1
1832,0.61,0.0,0.07,1.1
1833,0.36,0.0,0.21,1.1
1834,0.47,0.0,0.12,1.1
1835,0.44,0.01,0.18,1.1
1836,0.0,1.1,0.0,1.1
1837,0.0,1.1,0.0,1.1
1838,0.0,1.1,0.0,1.1
1839,0.0,1.1,0.0,1.1
1840,0.45,0.29,0.03,1.1
1841,0.51,0.45,0.02,1.1
1842,0.92,0.0,0.09,1.1
1843,0.52,0.04,0.13,1.1
1844,0.12,0.0,0.23,1.1
1845,0.0,0.0,0.25,1.1
1846,0.54,0.31,0.04,1.1
1847,0.54,0.01,0.22,1.1
1848,0.26,0.72,0.02,1.1
1849,0.31,0.45,0.12,1.1
1850,0.43,0.0,0.25,1.09
1851,0.63,0.0,0.1,1.09
1852,0.24,0.0,0.31,1.09
1853,0.05,0.84,0.16,1.09
1854,0.82,0.01,0.09,1.09
1855,0.78,0.0,0.02,1.09
1856,0.29,0.08,0.2,1.09
1857,1.02,0.0,0.02,1.09
1858,0.0,1.07,0.02,1.09
1859,0.75,0.0,0.16,1.09
1860,0.96,0.0,0.08,1.09
1861,1.02,0.0,0.05,1.09
1862,0.01,0.0,0.11,1.09
1863,0.89,0.01,0.15,1.09
1864,0.61,0.0,0.11,1.09
1865,0.53,0.0,0.14,1.09
1866,0.0,1.02,0.07,1.09
1867,0.64,0.04,0.13,1.09
1868,0.44,0.0,0.11,1.09
1869,0.35,0.0,0.22,1.09
1870,0.44,0.09,0.09,1.09
1871,0.6,0.0,0.07,1.09
1872,0.74,0.0,0.09,1.09
1873,0.53,0.0,0.14,1.08
1874,0.47,0.03,0.18,1.08
1875,0.53,0.0,0.14,1.08
1876,0.36,0.0,0.08,1.08
1877,0.87,0.0,0.09,1.08
1878,0.53,0.0,0.14,1.08
1879,0.55,0.0,0.11,1.08
1880,0.48,0.2,0.09,1.08
1881,1.02,0.0,0.06,1.08
1882,0.28,0.03,0.28,1.08
1883,0.26,0.0,0.12,1.08
1884,0.28,0.0,0.22,1.08
1885,1.01,0.0,0.01,1.08
1886,0.53,0.01,0.11,1.08
1887,0.64,0.0,0.1,1.08
1888,0.27,0.01,0.21,1.08
1889,0.47,0.13,0.08,1.08
1890,0.67,0.0,0.11,1.08
1891,0.6,0.0,0.07,1.08
1892,0.77,0.0,0.02,1.08
1893,0.77,0.0,0.02,1.08
1894,0.68,0.19,0.03,1.08
1895,0.49,0.09,0.16,1.08
1896,0.79,0.03,0.07,1.08
1897,1.01,0.0,0.06,1.07
1898,0.0,1.0,0.07,1.07
1899,0.89,0.0,0.15,1.07
1900,0.65,0.0,0.1,1.07
1901,0.57,0.02,0.09,1.07
1902,0.53,0.03,0.11,1.07
1903,0.17,0.77,0.02,1.07
1904,0.0,0.0,0.09,1.07
1905,0.53,0.0,0.54,1.07
1906,0.08,0.04,0.05,1.07
1907,0.72,0.21,0.07,1.07
1908,0.59,0.0,0.07,1.07
1909,0.74,0.13,0.05,1.07
1910,0.43,0.0,0.2,1.07
1911,0.12,0.05,0.25,1.07
1912,0.1,0.0,0.34,1.07
1913,0.67,0.0,0.1,1.07
1914,0.17,0.71,0.07,1.07
1915,0.54,0.0,0.1,1.07
1916,0.59,0.0,0.07,1.07
1917,0.59,0.0,0.07,1.06
1918,0.88,0.0,0.14,1.06
1919,0.55,0.0,0.11,1.06
1920,0.52,0.0,0.14,1.06
1921,0.23,0.0,0.1,1.06
1922,0.67,0.01,0.1,1.06
1923,0.16,0.0,0.23,1.06
1924,0.96,0.01,0.08,1.06
1925,0.0,0.99,0.07,1.06
1926,0.28,0.0,0.13,1.06
1927,0.52,0.0,0.14,1.06
1928,0.31,0.05,0.19,1.06
1929,0.65,0.01,0.1,1.06
1930,0.18,0.0,0.08,1.06
1931,0.52,0.0,0.14,1.06
1932,0.44,0.0,0.18,1.06
1933,1.02,0.0,0.01,1.06
1934,1.01,0.0,0.01,1.06
1935,0.56,0.0,0.11,1.06
1936,0.97,0.0,0.08,1.06
1937,1.03,0.0,0.0,1.06
1938,0.39,0.1,0.16,1.06
1939,0.76,0.0,0.02,1.06
1940,0.23,0.03,0.22,1.06
1941,0.52,0.0,0.14,1.06
1942,0.49,0.0,0.17,1.06
1943,0.32,0.64,0.04,1.06
1944,0.58,0.0,0.09,1.05
1945,0.99,0.0,0.01,1.05
1946,0.81,0.0,0.13,1.05
1947,0.42,0.0,0.08,1.05
1948,0.41,0.0,0.18,1.05
1949,0.99,0.0,0.01,1.05
1950,0.27,0.0,0.12,1.05
1951,0.0,1.05,0.0,1.05
1952,0.0,0.92,0.13,1.05
1953,0.0,1.05,0.0,1.05
1954,0.0,1.04,0.01,1.05
1955,0.55,0.03,0.13,1.05
1956,0.51,0.0,0.13,1.05
1957,0.3,0.12,0.15,1.05
1958,0.78,0.0,0.01,1.05
1959,0.91,0.0,0.03,1.05
1960,0.45,0.0,0.11,1.05
1961,0.56,0.01,0.11,1.05
1962,0.52,0.0,0.02,1.05
1963,0.44,0.0,0.11,1.05
1964,0.62,0.0,0.1,1.05
1965,0.19,0.66,0.07,1.05
1966,0.58,0.37,0.04,1.05
1967,0.54,0.0,0.11,1.05
1968,0.46,0.0,0.11,1.04
1969,0.51,0.0,0.13,1.04
1970,0.33,0.26,0.09,1.04
1971,0.58,0.0,0.09,1.04
1972,0.09,0.83,0.07,1.04
1973,0.58,0.0,0.07,1.04
1974,0.57,0.02,0.1,1.04
1975,0.45,0.22,0.07,1.04
1976,0.44,0.45,0.03,1.04
1977,0.87,0.0,0.14,1.04
1978,0.59,0.01,0.09,1.04
1979,0.39,0.37,0.12,1.04
1980,0.5,0.31,0.03,1.04
1981,0.91,0.0,0.03,1.04
1982,0.62,0.0,0.09,1.04
1983,0.17,0.02,0.15,1.04
1984,0.53,0.0,0.05,1.04
1985,0.52,0.41,0.05,1.04
1986,0.61,0.0,0.09,1.04
1987,0.68,0.0,0.09,1.04
1988,0.34,0.02,0.19,1.04
1989,0.16,0.0,0.3,1.04
1990,0.47,0.0,0.22,1.04
1991,0.46,0.01,0.17,1.04
1992,0.86,0.0,0.14,1.03
1993,0.56,0.01,0.14,1.03
1994,0.94,0.0,0.08,1.03
1995,0.33,0.01,0.18,1.03
1996,0.72,0.0,0.08,1.03
1997,0.5,0.0,0.13,1.03
1998,0.18,0.85,0.0,1.03
1999,0.45,0.0,0.11,1.03
2000,0.96,0.0,0.0,1.03
2001,0.94,0.0,0.08,1.03
2002,0.38,0.51,0.02,1.03
2003,0.61,0.01,0.08,1.02
2004,0.32,0.01,0.11,1.02
2005,0.45,0.0,0.11,1.02
2006,0.87,0.02,0.08,1.02
2007,0.53,0.05,0.08,1.02
2008,0.73,0.01,0.03,1.02
2009,0.51,0.0,0.11,1.02
2010,0.28,0.45,0.08,1.02
2011,0.39,0.49,0.02,1.02
2012,0.51,0.0,0.11,1.02
2013,0.57,0.0,0.07,1.02
2014,0.69,0.22,0.06,1.02
2015,0.97,0.0,0.03,1.02
2016,0.44,0.0,0.17,1.02
2017,0.5,0.0,0.13,1.02
2018,0.56,0.0,0.07,1.01
2019,0.34,0.1,0.3,1.01
2020,0.54,0.02,0.1,1.01
2021,0.41,0.03,0.21,1.01
2022,0.44,0.01,0.09,1.01
2023,0.65,0.05,0.1,1.01
2024,0.87,0.0,0.02,1.01
2025,0.0,0.0,0.08,1.01
2026,0.48,0.0,0.09,1.01
2027,0.0,1.01,0.0,1.01
2028,0.12,0.74,0.07,1.01
2029,0.33,0.02,0.18,1.01
2030,0.27,0.0,0.2,1.01
2031,0.21,0.0,0.18,1.01
2032,0.93,0.0,0.07,1.0
2033,0.49,0.0,0.13,1.0
2034,0.29,0.46,0.07,1.0
2035,0.13,0.03,0.09,1.0
2036,0.3,0.38,0.08,1.0
2037,0.65,0.21,0.0,1.0
2038,0.65,0.19,0.01,1.0
2039,0.41,0.47,0.02,1.0
2040,0.63,0.09,0.03,1.0
2041,0.0,1.0,0.0,1.0
2042,0.78,0.03,0.0,1.0
2043,0.49,0.02,0.15,1.0
2044,0.72,0.0,0.07,1.0
2045,0.08,0.02,0.0,1.0
2046,0.56,0.0,0.07,1.0
2047,0.56,0.0,0.07,1.0
2048,0.25,0.04,0.22,1.0
2049,0.55,0.0,0.07,1.0
2050,0.13,0.74,0.03,1.0
2051,0.86,0.01,0.08,1.0
2052,0.51,0.05,0.15,1.0
2053,0.44,0.0,0.17,1.0
2054,0.89,0.0,0.06,1.0
2055,0.48,0.0,0.16,1.0
2056,0.64,0.0,0.08,1.0
2057,0.17,0.0,0.04,1.0
2058,0.55,0.0,0.07,1.0
2059,0.64,0.0,0.08,0.99
2060,0.49,0.39,0.05,0.99
2061,0.74,0.0,0.04,0.99
2062,0.77,0.0,0.03,0.99
2063,0.59,0.0,0.1,0.99
2064,0.57,0.01,0.08,0.99
2065,0.37,0.12,0.19,0.99
2066,0.94,0.0,0.06,0.99
2067,0.36,0.0,0.17,0.99
2068,0.6,0.0,0.09,0.99
2069,0.61,0.0,0.09,0.99
2070,0.55,0.0,0.06,0.99
2071,0.35,0.04,0.09,0.99
2072,0.88,0.0,0.07,0.99
2073,0.52,0.0,0.19,0.99
2074,0.3,0.38,0.08,0.99
2075,0.73,0.0,0.11,0.99
2076,0.38,0.0,0.11,0.99
2077,0.23,0.0,0.11,0.99
2078,0.76,0.0,0.03,0.99
2079,0.0,0.0,0.18,0.99
2080,0.02,0.0,0.08,0.99
2081,0.85,0.0,0.08,0.98
2082,0.02,0.19,0.25,0.98
2083,0.21,0.0,0.14,0.98
2084,0.49,0.16,0.08,0.98
2085,0.72,0.0,0.07,0.98
2086,0.5,0.28,0.02,0.98
2087,0.36,0.0,0.17,0.98
2088,0.62,0.21,0.02,0.98
2089,0.94,0.0,0.01,0.98
2090,0.56,0.27,0.05,0.98
2091,0.42,0.0,0.17,0.98
2092,0.24,0.01,0.18,0.98
2093,0.38,0.06,0.15,0.98
2094,0.45,0.0,0.08,0.98
2095,0.0,0.0,0.05,0.98
2096,0.34,0.06,0.18,0.98
2097,0.03,0.51,0.01,0.98
2098,0.82,0.0,0.1,0.98
2099,0.88,0.0,0.1,0.98
2100,0.62,0.0,0.09,0.98
2101,0.09,0.86,0.01,0.98
2102,0.37,0.15,0.14,0.97
2103,0.89,0.0,0.08,0.97
2104,0.5,0.0,0.1,0.97
2105,0.73,0.0,0.03,0.97
2106,0.4,0.0,0.13,0.97
2107,0.88,0.0,0.08,0.97
2108,0.49,0.29,0.01,0.97
2109,0.53,0.0,0.1,0.97
2110,0.56,0.0,0.08,0.97
2111,0.47,0.0,0.12,0.97
2112,0.78,0.03,0.13,0.97
2113,0.77,0.0,0.1,0.97
2114,0.33,0.0,0.04,0.97
2115,0.52,0.0,0.08,0.97
2116,0.0,0.97,0.0,0.97
2117,0.9,0.0,0.01,0.97
2118,0.75,0.0,0.03,0.97
2119,0.21,0.28,0.16,0.97
2120,0.54,0.0,0.06,0.97
2121,0.82,0.0,0.07,0.96
2122,0.38,0.26,0.07,0.96
2123,0.54,0.0,0.06,0.96
2124,0.5,0.04,0.14,0.96
2125,0.0,0.9,0.06,0.96
2126,0.72,0.0,0.07,0.96
2127,0.0,0.96,0.0,0.96
2128,0.37,0.0,0.1,0.96
2129,0.3,0.0,0.22,0.96
2130,0.72,0.0,0.02,0.96
2131,0.32,0.57,0.01,0.96
2132,0.54,0.0,0.09,0.96
2133,0.29,0.2,0.13,0.96
2134,0.47,0.0,0.12,0.96
2135,0.0,0.96,0.0,0.96
2136,0.3,0.0,0.11,0.96
2137,0.41,0.09,0.12,0.96
2138,0.39,0.53,0.03,0.96
2139,0.36,0.22,0.09,0.96
2140,0.77,0.0,0.04,0.96
2141,0.25,0.0,0.15,0.96
2142,0.4,0.13,0.07,0.96
2143,0.32,0.15,0.15,0.96
2144,0.47,0.0,0.08,0.95
2145,0.88,0.0,0.04,0.95
2146,0.8,0.0,0.13,0.95
2147,0.36,0.0,0.14,0.95
2148,0.74,0.0,0.03,0.95
2149,0.57,0.0,0.08,0.95
2150,0.65,0.0,0.09,0.95
2151,0.27,0.0,0.17,0.95
2152,0.46,0.0,0.1,0.95
2153,0.26,0.46,0.06,0.95
2154,0.27,0.41,0.07,0.95
2155,0.68,0.0,0.02,0.95
2156,0.53,0.0,0.06,0.95
2157,0.54,0.0,0.13,0.95
2158,0.39,0.0,0.16,0.95
2159,0.41,0.0,0.1,0.95
2160,0.35,0.05,0.15,0.95
2161,0.51,0.01,0.13,0.95
2162,0.62,0.0,0.08,0.95
2163,0.7,0.0,0.08,0.95
2164,0.48,0.0,0.08,0.95
2165,0.24,0.18,0.09,0.95
2166,0.79,0.0,0.13,0.94
2167,0.27,0.0,0.17,0.94
2168,0.01,0.01,0.21,0.94
2169,0.48,0.13,0.07,0.94
2170,0.73,0.0,0.03,0.94
2171,0.69,0.0,0.08,0.94
2172,0.52,0.0,0.06,0.94
2173,0.83,0.0,0.07,0.94
2174,0.28,0.0,0.13,0.94
2175,0.46,0.0,0.12,0.94
2176,0.26,0.33,0.05,0.94
2177,0.48,0.02,0.08,0.94
2178,0.51,0.09,0.08,0.94
2179,0.78,0.0,0.13,0.94
2180,0.7,0.0,0.03,0.94
2181,0.1,0.71,0.06,0.94
2182,0.87,0.0,0.07,0.94
2183,0.52,0.0,0.06,0.94
2184,0.48,0.08,0.08,0.94
2185,0.75,0.04,0.12,0.94
2186,0.57,0.0,0.04,0.94
2187,0.19,0.63,0.05,0.94
2188,0.46,0.0,0.12,0.94
2189,0.78,0.0,0.13,0.94
2190,0.46,0.0,0.12,0.93
2191,0.36,0.02,0.1,0.93
2192,0.78,0.0,0.06,0.93
2193,0.16,0.0,0.2,0.93
2194,0.67,0.0,0.02,0.93
2195,0.59,0.0,0.04,0.93
2196,0.42,0.0,0.11,0.93
2197,0.29,0.02,0.11,0.93
2198,0.33,0.36,0.08,0.93
2199,0.35,0.02,0.14,0.93
2200,0.5,0.02,0.1,0.93
2201,0.34,0.0,0.15,0.93
2202,0.85,0.0,0.07,0.93
2203,0.67,0.0,0.02,0.93
2204,0.87,0.0,0.01,0.93
2205,0.51,0.32,0.01,0.93
2206,0.45,0.42,0.0,0.93
2207,0.71,0.0,0.01,0.93
2208,0.67,0.0,0.02,0.93
2209,0.77,0.0,0.13,0.93
2210,0.54,0.0,0.08,0.93
2211,0.72,0.0,0.03,0.93
2212,0.44,0.0,0.15,0.93
2213,0.0,0.93,0.0,0.93
2214,0.47,0.16,0.07,0.93
2215,0.52,0.0,0.06,0.93
2216,0.45,0.0,0.12,0.92
2217,0.45,0.0,0.12,0.92
2218,0.3,0.21,0.08,0.92
2219,0.51,0.0,0.06,0.92
2220,0.86,0.0,0.06,0.92
2221,0.51,0.0,0.06,0.92
2222,0.17,0.0,0.1,0.92
2223,0.52,0.0,0.12,0.92
2224,0.55,0.0,0.16,0.92
2225,0.58,0.0,0.08,0.92
2226,0.63,0.02,0.07,0.92
2227,0.87,0.0,0.05,0.92
2228,0.51,0.0,0.06,0.92
2229,0.5,0.0,0.09,0.92
2230,0.63,0.0,0.02,0.92
2231,0.39,0.43,0.01,0.92
2232,0.01,0.0,0.08,0.92
2233,0.16,0.53,0.03,0.92
2234,0.51,0.01,0.08,0.92
2235,0.37,0.0,0.15,0.92
2236,0.25,0.46,0.06,0.92
2237,0.26,0.12,0.14,0.92
2238,0.86,0.0,0.06,0.92
2239,0.71,0.0,0.03,0.92
2240,0.45,0.0,0.12,0.92
2241,0.12,0.66,0.06,0.92
2242,0.45,0.11,0.09,0.92
2243,0.67,0.0,0.17,0.92
2244,0.23,0.05,0.17,0.92
2245,0.32,0.04,0.15,0.91
2246,0.85,0.0,0.07,0.91
2247,0.45,0.0,0.12,0.91
2248,0.32,0.0,0.16,0.91
2249,0.41,0.29,0.05,0.91
2250,0.58,0.01,0.09,0.91
2251,0.45,0.0,0.12,0.91
2252,0.35,0.21,0.09,0.91
2253,0.47,0.0,0.13,0.91
2254,0.02,0.02,0.07,0.91
2255,0.72,0.0,0.01,0.91
2256,0.52,0.0,0.12,0.91
2257,0.46,0.0,0.08,0.91
2258,0.68,0.0,0.08,0.91
2259,0.57,0.0,0.08,0.91
2260,0.0,0.91,0.0,0.91
2261,0.61,0.0,0.04,0.91
2262,0.42,0.0,0.14,0.91
2263,0.55,0.0,0.07,0.91
2264,0.38,0.0,0.15,0.91
2265,0.44,0.0,0.12,0.9
2266,0.0,0.9,0.0,0.9
2267,0.44,0.0,0.12,0.9
2268,0.66,0.04,0.08,0.9
2269,0.75,0.0,0.12,0.9
2270,0.28,0.0,0.14,0.9
2271,0.38,0.15,0.08,0.9
2272,0.5,0.0,0.06,0.9
2273,0.3,0.0,0.1,0.9
2274,0.26,0.03,0.18,0.9
2275,0.5,0.0,0.06,0.9
2276,0.17,0.55,0.05,0.9
2277,0.41,0.01,0.05,0.9
2278,0.27,0.05,0.22,0.9
2279,0.52,0.0,0.12,0.9
2280,0.51,0.0,0.09,0.9
2281,0.84,0.0,0.01,0.9
2282,0.74,0.01,0.12,0.9
2283,0.65,0.0,0.03,0.9
2284,0.42,0.01,0.1,0.9
2285,0.32,0.0,0.09,0.9
2286,0.42,0.0,0.14,0.9
2287,0.29,0.0,0.09,0.9
2288,0.84,0.0,0.06,0.9
2289,0.42,0.01,0.15,0.9
2290,0.62,0.0,0.04,0.9
2291,0.81,0.0,0.04,0.9
2292,0.44,0.0,0.11,0.9
2293,0.73,0.0,0.06,0.9
2294,0.62,0.0,0.03,0.89
2295,0.35,0.01,0.16,0.89
2296,0.44,0.0,0.18,0.89
2297,0.82,0.0,0.07,0.89
2298,0.74,0.0,0.12,0.89
2299,0.32,0.01,0.14,0.89
2300,0.6,0.05,0.02,0.89
2301,0.51,0.01,0.09,0.89
2302,0.74,0.0,0.12,0.89
2303,0.46,0.24,0.02,0.89
2304,0.6,0.0,0.1,0.89
2305,0.42,0.3,0.02,0.89
2306,0.0,0.89,0.0,0.89
2307,0.69,0.0,0.02,0.89
2308,0.36,0.0,0.1,0.89
2309,0.16,0.56,0.06,0.89
2310,0.15,0.0,0.11,0.89
2311,0.44,0.0,0.11,0.89
2312,0.28,0.0,0.14,0.89
2313,0.21,0.46,0.08,0.89
2314,0.42,0.04,0.07,0.89
2315,0.18,0.01,0.1,0.89
2316,0.81,0.01,0.07,0.89
2317,0.01,0.0,0.09,0.89
2318,0.39,0.21,0.06,0.89
2319,0.55,0.01,0.07,0.89
2320,0.6,0.0,0.08,0.89
2321,0.49,0.0,0.06,0.89
2322,0.0,0.0,0.2,0.89
2323,0.0,0.89,0.0,0.89
2324,0.44,0.09,0.06,0.88
2325,0.44,0.0,0.08,0.88
2326,0.38,0.01,0.08,0.88
2327,0.01,0.0,0.08,0.88
2328,0.0,0.0,0.06,0.88
2329,0.62,0.0,0.07,0.88
2330,0.6,0.0,0.08,0.88
2331,0.73,0.0,0.06,0.88
2332,0.3,0.3,0.05,0.88
2333,0.43,0.0,0.11,0.88
2334,0.32,0.0,0.5,0.88
2335,0.47,0.12,0.07,0.88
2336,0.49,0.0,0.06,0.88
2337,0.42,0.0,0.07,0.88
2338,0.32,0.12,0.17,0.88
2339,0.51,0.01,0.08,0.88
2340,0.28,0.13,0.14,0.88
2341,0.43,0.0,0.11,0.88
2342,0.33,0.01,0.09,0.88
2343,0.08,0.62,0.06,0.88
2344,0.65,0.0,0.03,0.87
2345,0.49,0.0,0.06,0.87
2346,0.49,0.0,0.06,0.87
2347,0.7,0.0,0.06,0.87
2348,0.38,0.0,0.09,0.87
2349,0.0,0.87,0.0,0.87
2350,0.71,0.0,0.06,0.87
2351,0.48,0.01,0.09,0.87
2352,0.61,0.0,0.03,0.87
2353,0.29,0.02,0.16,0.87
2354,0.43,0.09,0.06,0.87
2355,0.73,0.0,0.12,0.87
2356,0.61,0.0,0.07,0.87
2357,0.82,0.0,0.06,0.87
2358,0.37,0.09,0.11,0.87
2359,0.48,0.0,0.06,0.87
2360,0.14,0.01,0.18,0.87
2361,0.46,0.02,0.09,0.87
2362,0.72,0.0,0.12,0.87
2363,0.46,0.0,0.12,0.87
2364,0.48,0.0,0.06,0.87
2365,0.2,0.0,0.23,0.87
2366,0.47,0.0,0.09,0.87
2367,0.72,0.0,0.12,0.87
2368,0.59,0.0,0.08,0.87
2369,0.63,0.0,0.07,0.87
2370,0.48,0.0,0.02,0.87
2371,0.43,0.0,0.11,0.87
2372,0.3,0.3,0.06,0.87
2373,0.12,0.0,0.23,0.87
2374,0.11,0.64,0.03,0.87
2375,0.47,0.0,0.08,0.87
2376,0.81,0.0,0.01,0.87
2377,0.2,0.45,0.07,0.87
2378,0.1,0.0,0.18,0.87
2379,0.0,0.86,0.0,0.86
2380,0.12,0.0,0.11,0.86
2381,0.01,0.12,0.01,0.86
2382,0.35,0.01,0.14,0.86
2383,0.34,0.0,0.15,0.86
2384,0.54,0.21,0.05,0.86
2385,0.42,0.0,0.11,0.86
2386,0.0,0.86,0.0,0.86
2387,0.48,0.0,0.06,0.86
2388,0.81,0.0,0.01,0.86
2389,0.48,0.0,0.06,0.86
2390,0.22,0.18,0.12,0.86
2391,0.61,0.2,0.05,0.86
2392,0.32,0.02,0.09,0.86
2393,0.17,0.51,0.04,0.86
2394,0.52,0.08,0.1,0.86
2395,0.35,0.0,0.07,0.85
2396,0.46,0.01,0.12,0.85
2397,0.1,0.0,0.11,0.85
2398,0.47,0.0,0.06,0.85
2399,0.46,0.0,0.08,0.85
2400,0.78,0.0,0.07,0.85
2401,0.79,0.0,0.07,0.85
2402,0.46,0.0,0.07,0.85
2403,0.14,0.57,0.06,0.85
2404,0.64,0.0,0.03,0.85
2405,0.44,0.01,0.12,0.85
2406,0.74,0.0,0.06,0.85
2407,0.4,0.37,0.01,0.85
2408,0.28,0.0,0.1,0.85
2409,0.47,0.0,0.06,0.85
2410,0.7,0.0,0.09,0.85
2411,0.36,0.0,0.14,0.85
2412,0.52,0.0,0.08,0.85
2413,0.31,0.0,0.53,0.85
2414,0.47,0.0,0.06,0.85
2415,0.42,0.0,0.11,0.85
2416,0.26,0.44,0.04,0.85
2417,0.32,0.2,0.08,0.85
2418,0.52,0.0,0.07,0.85
2419,0.46,0.02,0.07,0.85
2420,0.28,0.03,0.16,0.84
2421,0.65,0.0,0.02,0.84
2422,0.56,0.13,0.05,0.84
2423,0.37,0.0,0.13,0.84
2424,0.42,0.11,0.1,0.84
2425,0.68,0.0,0.16,0.84
2426,0.75,0.01,0.07,0.84
2427,0.36,0.14,0.06,0.84
2428,0.46,0.0,0.09,0.84
2429,0.65,0.0,0.02,0.84
2430,0.79,0.0,0.06,0.84
2431,0.4,0.05,0.12,0.84
2432,0.41,0.0,0.11,0.84
2433,0.69,0.06,0.06,0.84
2434,0.32,0.52,0.0,0.84
2435,0.42,0.1,0.1,0.84
2436,0.47,0.0,0.05,0.84
2437,0.52,0.0,0.07,0.84
2438,0.41,0.0,0.11,0.84
2439,0.36,0.03,0.14,0.84
2440,0.24,0.39,0.05,0.84
2441,0.41,0.0,0.11,0.84
2442,0.6,0.0,0.01,0.84
2443,0.13,0.04,0.19,0.84
2444,0.32,0.05,0.14,0.84
2445,0.09,0.0,0.74,0.84
2446,0.37,0.01,0.08,0.84
2447,0.46,0.0,0.05,0.84
2448,0.44,0.0,0.08,0.83
2449,0.22,0.4,0.05,0.83
2450,0.24,0.34,0.06,0.83
2451,0.38,0.0,0.09,0.83
2452,0.6,0.0,0.01,0.83
2453,0.43,0.01,0.19,0.83
2454,0.27,0.28,0.07,0.83
2455,0.62,0.01,0.03,0.83
2456,0.57,0.0,0.06,0.83
2457,0.0,0.83,0.0,0.83
2458,0.46,0.0,0.05,0.83
2459,0.39,0.12,0.05,0.83
2460,0.78,0.0,0.05,0.83
2461,0.69,0.0,0.11,0.83
2462,0.77,0.0,0.06,0.83
2463,0.58,0.0,0.07,0.83
2464,0.77,0.0,0.06,0.83
2465,0.31,0.0,0.14,0.83
2466,0.42,0.11,0.09,0.83
2467,0.46,0.0,0.05,0.83
2468,0.46,0.0,0.05,0.83
2469,0.33,0.09,0.07,0.82
2470,0.58,0.0,0.03,0.82
2471,0.72,0.0,0.09,0.82
2472,0.46,0.0,0.15,0.82
2473,0.64,0.0,0.02,0.82
2474,0.69,0.0,0.11,0.82
2475,0.44,0.0,0.08,0.82
2476,0.64,0.0,0.06,0.82
2477,0.35,0.08,0.13,0.82
2478,0.68,0.0,0.03,0.82
2479,0.42,0.28,0.02,0.82
2480,0.61,0.0,0.01,0.82
2481,0.69,0.0,0.02,0.82
2482,0.76,0.0,0.01,0.82
2483,0.19,0.0,0.22,0.82
2484,0.24,0.19,0.12,0.82
2485,0.42,0.14,0.06,0.82
2486,0.4,0.0,0.1,0.82
2487,0.33,0.0,0.14,0.82
2488,0.47,0.0,0.07,0.82
2489,0.56,0.0,0.15,0.82
2490,0.4,0.01,0.09,0.82
2491,0.4,0.0,0.09,0.82
2492,0.34,0.36,0.08,0.82
2493,0.29,0.0,0.13,0.82
2494,0.62,0.0,0.07,0.82
2495,0.67,0.0,0.07,0.82
2496,0.0,0.81,0.0,0.81
2497,0.73,0.0,0.06,0.81
2498,0.4,0.0,0.1,0.81
2499,0.0,0.81,0.0,0.81
2500,0.33,0.07,0.17,0.81
2501,0.06,0.66,0.05,0.81
2502,0.0,0.81,0.0,0.81
2503,0.45,0.0,0.05,0.81
2504,0.77,0.0,0.05,0.81
2505,0.63,0.0,0.02,0.81
2506,0.0,0.76,0.05,0.81
2507,0.32,0.0,0.13,0.81
2508,0.07,0.63,0.05,0.81
2509,0.0,0.81,0.0,0.81
2510,0.12,0.03,0.08,0.81
2511,0.68,0.0,0.01,0.81
2512,0.45,0.27,0.01,0.81
2513,0.4,0.0,0.1,0.81
2514,0.33,0.0,0.13,0.81
2515,0.0,0.81,0.0,0.81
2516,0.32,0.0,0.09,0.81
2517,0.2,0.3,0.04,0.81
2518,0.45,0.0,0.05,0.81
2519,0.43,0.01,0.07,0.81
2520,0.75,0.0,0.06,0.81
2521,0.52,0.0,0.07,0.81
2522,0.0,0.75,0.05,0.81
2523,0.35,0.09,0.09,0.81
2524,0.67,0.0,0.11,0.81
2525,0.52,0.0,0.07,0.81
2526,0.75,0.0,0.06,0.8
2527,0.46,0.02,0.07,0.8
2528,0.4,0.0,0.07,0.8
2529,0.45,0.0,0.05,0.8
2530,0.03,0.74,0.01,0.8
2531,0.62,0.0,0.02,0.8
2532,0.19,0.0,0.11,0.8
2533,0.45,0.0,0.05,0.8
2534,0.39,0.0,0.1,0.8
2535,0.19,0.0,0.22,0.8
2536,0.45,0.0,0.05,0.8
2537,0.36,0.0,0.07,0.8
2538,0.09,0.2,0.18,0.8
2539,0.48,0.0,0.07,0.8
2540,0.37,0.0,0.07,0.8
2541,0.33,0.0,0.13,0.8
2542,0.44,0.03,0.13,0.8
2543,0.43,0.0,0.08,0.8
2544,0.08,0.0,0.25,0.8
2545,0.48,0.0,0.04,0.8
2546,0.42,0.07,0.06,0.8
2547,0.45,0.0,0.07,0.8
2548,0.14,0.22,0.12,0.8
2549,0.73,0.0,0.06,0.8
2550,0.0,0.75,0.05,0.8
2551,0.68,0.0,0.02,0.8
2552,0.54,0.0,0.06,0.8
2553,0.51,0.0,0.07,0.8
2554,0.39,0.13,0.06,0.8
2555,0.0,0.8,0.0,0.8
2556,0.0,0.8,0.0,0.8
2557,0.26,0.04,0.14,0.8
2558,0.47,0.01,0.08,0.79
2559,0.05,0.29,0.16,0.79
2560,0.74,0.0,0.01,0.79
2561,0.66,0.0,0.11,0.79
2562,0.4,0.03,0.11,0.79
2563,0.38,0.0,0.08,0.79
2564,0.61,0.0,0.18,0.79
2565,0.0,0.74,0.05,0.79
2566,0.42,0.3,0.04,0.79
2567,0.61,0.0,0.02,0.79
2568,0.0,0.74,0.05,0.79
2569,0.17,0.0,0.11,0.79
2570,0.44,0.0,0.05,0.79
2571,0.42,0.0,0.12,0.79
2572,0.62,0.0,0.07,0.79
2573,0.63,0.0,0.01,0.79
2574,0.39,0.32,0.01,0.79
2575,0.32,0.21,0.06,0.79
2576,0.64,0.02,0.1,0.79
2577,0.28,0.23,0.07,0.79
2578,0.0,0.79,0.0,0.79
2579,0.42,0.08,0.07,0.79
2580,0.44,0.01,0.07,0.79
2581,0.71,0.0,0.06,0.79
2582,0.75,0.0,0.01,0.79
2583,0.16,0.0,0.11,0.79
2584,0.38,0.03,0.08,0.79
2585,0.49,0.01,0.1,0.79
2586,0.65,0.0,0.11,0.79
2587,0.24,0.0,0.05,0.79
2588,0.22,0.17,0.07,0.79
2589,0.43,0.01,0.07,0.79
2590,0.27,0.27,0.05,0.79
2591,0.0,0.25,0.06,0.78
2592,0.67,0.01,0.06,0.78
2593,0.73,0.0,0.01,0.78
2594,0.12,0.0,0.1,0.78
2595,0.56,0.0,0.01,0.78
2596,0.58,0.11,0.06,0.78
2597,0.01,0.0,0.0,0.78
2598,0.43,0.0,0.05,0.78
2599,0.17,0.0,0.61,0.78
2600,0.41,0.0,0.07,0.78
2601,0.72,0.0,0.06,0.78
2602,0.0,0.0,0.09,0.78
2603,0.43,0.0,0.05,0.78
2604,0.72,0.0,0.06,0.78
2605,0.43,0.0,0.05,0.78
2606,0.29,0.12,0.07,0.78
2607,0.13,0.13,0.1,0.78
2608,0.11,0.0,0.24,0.78
2609,0.38,0.0,0.16,0.78
2610,0.53,0.0,0.06,0.78
2611,0.55,0.03,0.06,0.78
2612,0.65,0.0,0.11,0.78
2613,0.24,0.01,0.2,0.78
2614,0.41,0.0,0.07,0.78
2615,0.0,0.78,0.0,0.78
2616,0.72,0.0,0.01,0.78
2617,0.6,0.0,0.02,0.78
2618,0.32,0.0,0.09,0.78
2619,0.43,0.0,0.05,0.78
2620,0.34,0.0,0.08,0.78
2621,0.28,0.0,0.09,0.77
2622,0.47,0.0,0.07,0.77
2623,0.66,0.03,0.06,0.77
2624,0.72,0.0,0.01,0.77
2625,0.43,0.0,0.05,0.77
2626,0.43,0.0,0.05,0.77
2627,0.67,0.0,0.05,0.77
2628,0.72,0.0,0.01,0.77
2629,0.23,0.03,0.19,0.77
2630,0.33,0.0,0.12,0.77
2631,0.22,0.32,0.1,0.77
2632,0.64,0.0,0.1,0.77
2633,0.72,0.0,0.01,0.77
2634,0.43,0.0,0.05,0.77
2635,0.37,0.11,0.1,0.77
2636,0.72,0.0,0.01,0.77
2637,0.53,0.0,0.02,0.77
2638,0.0,0.77,0.0,0.77
2639,0.55,0.0,0.01,0.77
2640,0.61,0.0,0.06,0.77
2641,0.43,0.0,0.06,0.77
2642,0.71,0.0,0.06,0.77
2643,0.38,0.0,0.1,0.77
2644,0.38,0.0,0.1,0.77
2645,0.21,0.38,0.04,0.77
2646,0.45,0.14,0.01,0.77
2647,0.38,0.0,0.1,0.77
2648,0.1,0.56,0.03,0.77
2649,0.37,0.0,0.1,0.76
2650,0.37,0.0,0.36,0.76
2651,0.18,0.42,0.05,0.76
2652,0.22,0.01,0.14,0.76
2653,0.22,0.0,0.08,0.76
2654,0.3,0.03,0.07,0.76
2655,0.36,0.0,0.03,0.76
2656,0.64,0.0,0.1,0.76
2657,0.37,0.0,0.1,0.76
2658,0.17,0.43,0.05,0.76
2659,0.47,0.0,0.12,0.76
2660,0.0,0.71,0.05,0.76
2661,0.38,0.08,0.06,0.76
2662,0.35,0.07,0.1,0.76
2663,0.33,0.0,0.11,0.76
2664,0.7,0.0,0.06,0.76
2665,0.09,0.11,0.13,0.76
2666,0.29,0.0,0.08,0.76
2667,0.38,0.0,0.12,0.76
2668,0.0,0.76,0.0,0.76
2669,0.59,0.0,0.01,0.76
2670,0.0,0.76,0.0,0.76
2671,0.09,0.62,0.02,0.76
2672,0.37,0.0,0.1,0.76
2673,0.11,0.0,0.36,0.76
2674,0.67,0.0,0.05,0.76
2675,0.36,0.01,0.08,0.76
2676,0.14,0.0,0.14,0.76
2677,0.61,0.0,0.03,0.76
2678,0.27,0.3,0.04,0.76
2679,0.54,0.0,0.01,0.76
2680,0.24,0.0,0.06,0.76
2681,0.31,0.13,0.08,0.76
2682,0.16,0.01,0.21,0.76
2683,0.29,0.01,0.13,0.76
2684,0.48,0.01,0.06,0.76
2685,0.57,0.07,0.09,0.76
2686,0.37,0.0,0.1,0.76
2687,0.28,0.0,0.09,0.76
2688,0.24,0.0,0.08,0.76
2689,0.18,0.06,0.14,0.76
2690,0.6,0.02,0.05,0.76
2691,0.0,0.76,0.0,0.76
2692,0.12,0.0,0.11,0.76
2693,0.47,0.01,0.07,0.75
2694,0.67,0.0,0.06,0.75
2695,0.21,0.0,0.54,0.75
2696,0.41,0.0,0.14,0.75
2697,0.41,0.0,0.11,0.75
2698,0.3,0.2,0.05,0.75
2699,0.17,0.0,0.19,0.75
2700,0.47,0.0,0.09,0.75
2701,0.41,0.01,0.11,0.75
2702,0.51,0.0,0.07,0.75
2703,0.46,0.01,0.07,0.75
2704,0.36,0.0,0.11,0.75
2705,0.37,0.0,0.1,0.75
2706,0.63,0.0,0.01,0.75
2707,0.43,0.0,0.06,0.75
2708,0.3,0.13,0.08,0.75
2709,0.33,0.02,0.12,0.75
2710,0.28,0.23,0.05,0.75
2711,0.69,0.0,0.06,0.75
2712,0.28,0.0,0.18,0.75
2713,0.48,0.0,0.03,0.75
2714,0.32,0.19,0.05,0.75
2715,0.31,0.0,0.13,0.75
2716,0.42,0.0,0.07,0.75
2717,0.31,0.01,0.12,0.75
2718,0.22,0.3,0.06,0.75
2719,0.62,0.0,0.1,0.75
2720,0.4,0.0,0.07,0.75
2721,0.46,0.01,0.06,0.75
2722,0.2,0.01,0.11,0.75
2723,0.49,0.0,0.09,0.75
2724,0.29,0.0,0.08,0.75
2725,0.55,0.0,0.05,0.75
2726,0.3,0.22,0.07,0.74
2727,0.0,0.74,0.0,0.74
2728,0.36,0.0,0.1,0.74
2729,0.2,0.24,0.09,0.74
2730,0.36,0.0,0.1,0.74
2731,0.42,0.0,0.14,0.74
2732,0.36,0.02,0.06,0.74
2733,0.41,0.0,0.06,0.74
2734,0.67,0.0,0.06,0.74
2735,0.16,0.25,0.04,0.74
2736,0.42,0.15,0.01,0.74
2737,0.29,0.01,0.12,0.74
2738,0.31,0.02,0.06,0.74
2739,0.22,0.02,0.13,0.74
2740,0.68,0.0,0.05,0.74
2741,0.61,0.0,0.03,0.74
2742,0.16,0.0,0.13,0.74
2743,0.53,0.0,0.01,0.74
2744,0.36,0.0,0.09,0.74
2745,0.36,0.0,0.08,0.74
2746,0.41,0.0,0.05,0.74
2747,0.27,0.14,0.08,0.74
2748,0.59,0.0,0.03,0.74
2749,0.17,0.0,0.15,0.74
2750,0.22,0.0,0.14,0.74
2751,0.3,0.24,0.07,0.74
2752,0.31,0.3,0.02,0.74
2753,0.44,0.25,0.04,0.74
2754,0.28,0.22,0.08,0.73
2755,0.63,0.0,0.06,0.73
2756,0.14,0.46,0.05,0.73
2757,0.0,0.73,0.0,0.73
2758,0.4,0.17,0.01,0.73
2759,0.23,0.0,0.09,0.73
2760,0.0,0.73,0.0,0.73
2761,0.55,0.0,0.01,0.73
2762,0.11,0.01,0.09,0.73
2763,0.63,0.0,0.06,0.73
2764,0.37,0.32,0.04,0.73
2765,0.41,0.0,0.05,0.73
2766,0.0,0.73,0.0,0.73
2767,0.54,0.0,0.03,0.73
2768,0.68,0.0,0.01,0.73
2769,0.61,0.0,0.05,0.73
2770,0.32,0.0,0.07,0.73
2771,0.67,0.0,0.05,0.73
2772,0.23,0.01,0.08,0.73
2773,0.67,0.0,0.06,0.73
2774,0.0,0.73,0.0,0.73
2775,0.54,0.0,0.03,0.73
2776,0.47,0.17,0.08,0.73
2777,0.52,0.0,0.01,0.73
2778,0.47,0.02,0.09,0.73
2779,0.33,0.0,0.08,0.73
2780,0.36,0.0,0.09,0.73
2781,0.52,0.0,0.06,0.73
2782,0.34,0.0,0.08,0.73
2783,0.38,0.0,0.06,0.72
2784,0.16,0.53,0.01,0.72
2785,0.56,0.0,0.02,0.72
2786,0.26,0.0,0.1,0.72
2787,0.35,0.0,0.07,0.72
2788,0.52,0.0,0.01,0.72
2789,0.6,0.0,0.1,0.72
2790,0.19,0.0,0.08,0.72
2791,0.0,0.72,0.0,0.72
2792,0.32,0.08,0.1,0.72
2793,0.0,0.67,0.05,0.72
2794,0.4,0.0,0.05,0.72
2795,0.59,0.01,0.1,0.72
2796,0.53,0.0,0.03,0.72
2797,0.6,0.0,0.1,0.72
2798,0.4,0.0,0.05,0.72
2799,0.0,0.7,0.02,0.72
2800,0.67,0.0,0.05,0.72
2801,0.4,0.0,0.05,0.72
2802,0.35,0.0,0.06,0.72
2803,0.35,0.0,0.09,0.72
2804,0.67,0.0,0.01,0.72
2805,0.18,0.02,0.13,0.72
2806,0.23,0.0,0.18,0.72
2807,0.62,0.0,0.06,0.72
2808,0.51,0.0,0.01,0.72
2809,0.25,0.0,0.08,0.72
2810,0.66,0.0,0.05,0.72
2811,0.26,0.22,0.04,0.72
2812,0.05,0.61,0.01,0.72
2813,0.3,0.2,0.07,0.72
2814,0.4,0.0,0.05,0.72
2815,0.13,0.0,0.09,0.72
2816,0.0,0.0,0.03,0.72
2817,0.19,0.0,0.0,0.71
2818,0.45,0.0,0.03,0.71
2819,0.67,0.0,0.03,0.71
2820,0.18,0.5,0.02,0.71
2821,0.66,0.0,0.05,0.71
2822,0.42,0.0,0.06,0.71
2823,0.16,0.37,0.06,0.71
2824,0.35,0.0,0.09,0.71
2825,0.17,0.0,0.14,0.71
2826,0.23,0.29,0.05,0.71
2827,0.18,0.41,0.04,0.71
2828,0.35,0.0,0.09,0.71
2829,0.33,0.27,0.04,0.71
2830,0.6,0.0,0.07,0.71
2831,0.55,0.0,0.02,0.71
2832,0.4,0.0,0.05,0.71
2833,0.49,0.0,0.02,0.71
2834,0.35,0.0,0.09,0.71
2835,0.65,0.0,0.06,0.71
2836,0.29,0.06,0.11,0.71
2837,0.49,0.07,0.02,0.71
2838,0.42,0.0,0.07,0.71
2839,0.66,0.0,0.05,0.71
2840,0.55,0.0,0.02,0.71
2841,0.51,0.0,0.01,0.71
2842,0.35,0.0,0.09,0.71
2843,0.0,0.71,0.0,0.71
2844,0.51,0.0,0.01,0.71
2845,0.57,0.0,0.01,0.71
2846,0.39,0.17,0.06,0.71
2847,0.14,0.0,0.19,0.71
2848,0.0,0.71,0.0,0.71
2849,0.2,0.44,0.02,0.71
2850,0.0,0.0,0.1,0.71
2851,0.15,0.41,0.05,0.71
2852,0.22,0.0,0.17,0.71
2853,0.39,0.0,0.05,0.71
2854,0.39,0.0,0.05,0.71
2855,0.37,0.01,0.06,0.71
2856,0.41,0.0,0.07,0.71
2857,0.53,0.0,0.03,0.71
2858,0.65,0.0,0.05,0.71
2859,0.5,0.0,0.07,0.71
2860,0.3,0.0,0.11,0.71
2861,0.35,0.0,0.14,0.71
2862,0.15,0.01,0.16,0.71
2863,0.06,0.0,0.15,0.7
2864,0.55,0.0,0.05,0.7
2865,0.54,0.0,0.02,0.7
2866,0.34,0.12,0.06,0.7
2867,0.0,0.7,0.0,0.7
2868,0.39,0.0,0.05,0.7
2869,0.32,0.0,0.07,0.7
2870,0.52,0.0,0.02,0.7
2871,0.65,0.0,0.05,0.7
2872,0.34,0.0,0.09,0.7
2873,0.54,0.0,0.06,0.7
2874,0.54,0.0,0.02,0.7
2875,0.5,0.0,0.01,0.7
2876,0.34,0.0,0.09,0.7
2877,0.39,0.0,0.05,0.7
2878,0.48,0.0,0.03,0.7
2879,0.28,0.0,0.12,0.7
2880,0.39,0.0,0.06,0.7
2881,0.39,0.0,0.06,0.7
2882,0.19,0.01,0.13,0.7
2883,0.04,0.58,0.05,0.7
2884,0.5,0.0,0.01,0.7
2885,0.38,0.0,0.07,0.7
2886,0.43,0.0,0.06,0.7
2887,0.52,0.12,0.05,0.7
2888,0.34,0.0,0.09,0.7
2889,0.34,0.0,0.1,0.7
2890,0.13,0.0,0.16,0.7
2891,0.39,0.0,0.05,0.7
2892,0.34,0.0,0.09,0.7
2893,0.16,0.36,0.04,0.7
2894,0.21,0.22,0.08,0.7
2895,0.34,0.0,0.09,0.7
2896,0.38,0.0,0.06,0.7
2897,0.64,0.0,0.05,0.7
2898,0.37,0.17,0.01,0.7
2899,0.0,0.7,0.0,0.7
2900,0.5,0.0,0.01,0.7
2901,0.65,0.0,0.01,0.69
2902,0.38,0.0,0.06,0.69
2903,0.28,0.05,0.05,0.69
2904,0.42,0.0,0.06,0.69
2905,0.26,0.26,0.17,0.69
2906,0.47,0.0,0.05,0.69
2907,0.54,0.0,0.06,0.69
2908,0.39,0.0,0.05,0.69
2909,0.54,0.0,0.02,0.69
2910,0.25,0.0,0.11,0.69
2911,0.58,0.0,0.09,0.69
2912,0.64,0.0,0.05,0.69
2913,0.24,0.0,0.12,0.69
2914,0.5,0.0,0.01,0.69
2915,0.0,0.69,0.0,0.69
2916,0.0,0.69,0.0,0.69
2917,0.53,0.0,0.02,0.69
2918,0.38,0.0,0.05,0.69
2919,0.52,0.01,0.07,0.69
2920,0.0,0.42,0.07,0.69
2921,0.22,0.0,0.1,0.69
2922,0.53,0.0,0.02,0.69
2923,0.2,0.0,0.13,0.69
2924,0.53,0.0,0.02,0.69
2925,0.01,0.02,0.04,0.69
2926,0.55,0.0,0.06,0.69
2927,0.25,0.18,0.06,0.69
2928,0.28,0.0,0.06,0.69
2929,0.27,0.0,0.1,0.69
2930,0.34,0.0,0.09,0.68
2931,0.49,0.0,0.01,0.68
2932,0.39,0.0,0.06,0.68
2933,0.34,0.33,0.02,0.68
2934,0.6,0.0,0.05,0.68
2935,0.38,0.0,0.04,0.68
2936,0.32,0.18,0.04,0.68
2937,0.62,0.0,0.02,0.68
2938,0.32,0.0,0.11,0.68
2939,0.21,0.0,0.11,0.68
2940,0.26,0.02,0.12,0.68
2941,0.63,0.0,0.03,0.68
2942,0.38,0.0,0.04,0.68
2943,0.26,0.03,0.06,0.68
2944,0.53,0.0,0.02,0.68
2945,0.57,0.0,0.09,0.68
2946,0.21,0.28,0.08,0.68
2947,0.22,0.04,0.12,0.68
2948,0.32,0.34,0.02,0.68
2949,0.54,0.0,0.03,0.68
2950,0.22,0.0,0.13,0.68
2951,0.39,0.0,0.06,0.68
2952,0.25,0.22,0.04,0.68
2953,0.15,0.38,0.04,0.68
2954,0.3,0.0,0.06,0.68
2955,0.63,0.0,0.05,0.68
2956,0.29,0.0,0.01,0.68
2957,0.19,0.0,0.05,0.68
2958,0.55,0.04,0.05,0.68
2959,0.51,0.0,0.02,0.68
2960,0.28,0.11,0.07,0.68
2961,0.0,0.0,0.09,0.68
2962,0.23,0.2,0.06,0.68
2963,0.59,0.0,0.04,0.68
2964,0.35,0.01,0.1,0.68
2965,0.33,0.0,0.09,0.68
2966,0.13,0.0,0.02,0.67
2967,0.33,0.0,0.11,0.67
2968,0.22,0.42,0.02,0.67
2969,0.49,0.0,0.02,0.67
2970,0.45,0.0,0.05,0.67
2971,0.26,0.11,0.09,0.67
2972,0.2,0.0,0.13,0.67
2973,0.37,0.0,0.04,0.67
2974,0.4,0.0,0.06,0.67
2975,0.37,0.0,0.04,0.67
2976,0.35,0.0,0.1,0.67
2977,0.46,0.0,0.03,0.67
2978,0.33,0.0,0.06,0.67
2979,0.49,0.0,0.05,0.67
2980,0.0,0.67,0.0,0.67
2981,0.37,0.0,0.04,0.67
2982,0.48,0.0,0.02,0.67
2983,0.22,0.23,0.06,0.67
2984,0.27,0.0,0.07,0.67
2985,0.0,0.67,0.0,0.67
2986,0.2,0.0,0.05,0.67
2987,0.16,0.0,0.14,0.67
2988,0.24,0.01,0.11,0.67
2989,0.22,0.0,0.16,0.67
2990,0.44,0.0,0.07,0.67
2991,0.19,0.31,0.04,0.67
2992,0.0,0.0,0.01,0.67
2993,0.42,0.01,0.05,0.67
2994,0.28,0.0,0.08,0.67
2995,0.23,0.0,0.11,0.67
2996,0.18,0.0,0.08,0.67
2997,0.4,0.01,0.05,0.67
2998,0.3,0.01,0.07,0.67
2999,0.56,0.0,0.05,0.67
3000,0.01,0.0,0.02,0.67
3001,0.33,0.0,0.09,0.67
3002,0.33,0.0,0.14,0.67
3003,0.0,0.0,0.09,0.67
3004,0.63,0.0,0.01,0.67
3005,0.33,0.25,0.04,0.67
3006,0.51,0.0,0.05,0.67
3007,0.25,0.05,0.11,0.67
3008,0.01,0.0,0.12,0.67
3009,0.0,0.66,0.0,0.66
3010,0.37,0.0,0.04,0.66
3011,0.49,0.0,0.02,0.66
3012,0.31,0.01,0.1,0.66
3013,0.35,0.03,0.06,0.66
3014,0.55,0.0,0.09,0.66
3015,0.32,0.0,0.08,0.66
3016,0.26,0.13,0.26,0.66
3017,0.37,0.0,0.04,0.66
3018,0.37,0.0,0.04,0.66
3019,0.32,0.0,0.08,0.66
3020,0.48,0.0,0.02,0.66
3021,0.55,0.0,0.09,0.66
3022,0.51,0.0,0.06,0.66
3023,0.0,0.66,0.0,0.66
3024,0.52,0.0,0.02,0.66
3025,0.0,0.66,0.0,0.66
3026,0.0,0.64,0.02,0.66
3027,0.47,0.0,0.01,0.66
3028,0.14,0.0,0.14,0.66
3029,0.35,0.0,0.07,0.66
3030,0.32,0.0,0.08,0.66
3031,0.37,0.0,0.04,0.66
3032,0.02,0.0,0.12,0.66
3033,0.06,0.55,0.02,0.66
3034,0.28,0.33,0.03,0.66
3035,0.27,0.0,0.14,0.66
3036,0.43,0.0,0.03,0.66
3037,0.34,0.0,0.1,0.66
3038,0.62,0.0,0.01,0.66
3039,0.15,0.0,0.16,0.66
3040,0.29,0.19,0.04,0.66
3041,0.47,0.0,0.01,0.66
3042,0.17,0.3,0.05,0.66
3043,0.03,0.62,0.0,0.66
3044,0.47,0.0,0.01,0.66
3045,0.12,0.41,0.04,0.66
3046,0.49,0.0,0.02,0.66
3047,0.5,0.0,0.08,0.66
3048,0.23,0.0,0.16,0.66
3049,0.0,0.66,0.0,0.66
3050,0.09,0.03,0.09,0.66
3051,0.33,0.0,0.07,0.66
3052,0.36,0.0,0.04,0.66
3053,0.38,0.0,0.06,0.65
3054,0.33,0.0,0.1,0.65
3055,0.24,0.0,0.41,0.65
3056,0.32,0.01,0.1,0.65
3057,0.35,0.0,0.05,0.65
3058,0.35,0.0,0.07,0.65
3059,0.18,0.29,0.05,0.65
3060,0.41,0.12,0.02,0.65
3061,0.32,0.0,0.08,0.65
3062,0.29,0.0,0.14,0.65
3063,0.25,0.3,0.01,0.65
3064,0.31,0.0,0.07,0.65
3065,0.32,0.0,0.08,0.65
3066,0.56,0.0,0.05,0.65
3067,0.47,0.0,0.01,0.65
3068,0.02,0.58,0.04,0.65
3069,0.45,0.0,0.06,0.65
3070,0.58,0.0,0.07,0.65
3071,0.39,0.0,0.06,0.65
3072,0.47,0.0,0.01,0.65
3073,0.31,0.27,0.03,0.65
3074,0.36,0.0,0.04,0.65
3075,0.19,0.26,0.05,0.65
3076,0.0,0.0,0.15,0.65
3077,0.6,0.0,0.01,0.65
3078,0.32,0.0,0.08,0.65
3079,0.54,0.0,0.09,0.65
3080,0.0,0.0,0.6,0.65
3081,0.36,0.0,0.04,0.65
3082,0.35,0.0,0.12,0.65
3083,0.5,0.0,0.05,0.65
3084,0.23,0.2,0.07,0.65
3085,0.2,0.22,0.09,0.65
3086,0.0,0.65,0.0,0.65
3087,0.26,0.05,0.1,0.65
3088,0.39,0.0,0.06,0.65
3089,0.0,0.65,0.0,0.65
3090,0.17,0.4,0.03,0.65
3091,0.17,0.0,0.09,0.64
3092,0.6,0.0,0.05,0.64
3093,0.13,0.0,0.44,0.64
3094,0.46,0.0,0.01,0.64
3095,0.35,0.0,0.05,0.64
3096,0.32,0.0,0.08,0.64
3097,0.25,0.0,0.15,0.64
3098,0.2,0.0,0.13,0.64
3099,0.32,0.0,0.08,0.64
3100,0.47,0.0,0.02,0.64
3101,0.49,0.01,0.05,0.64
3102,0.54,0.0,0.09,0.64
3103,0.54,0.0,0.07,0.64
3104,0.31,0.07,0.09,0.64
3105,0.36,0.0,0.05,0.64
3106,0.23,0.0,0.06,0.64
3107,0.25,0.0,0.1,0.64
3108,0.43,0.0,0.02,0.64
3109,0.31,0.0,0.08,0.64
3110,0.25,0.0,0.07,0.64
3111,0.57,0.0,0.03,0.64
3112,0.23,0.0,0.09,0.64
3113,0.55,0.0,0.05,0.64
3114,0.48,0.0,0.01,0.64
3115,0.44,0.04,0.05,0.64
3116,0.4,0.0,0.02,0.64
3117,0.46,0.0,0.01,0.64
3118,0.37,0.0,0.06,0.64
3119,0.29,0.0,0.01,0.64
3120,0.15,0.34,0.04,0.64
3121,0.17,0.2,0.07,0.64
3122,0.41,0.0,0.06,0.64
3123,0.07,0.0,0.14,0.64
3124,0.46,0.0,0.01,0.64
3125,0.26,0.09,0.1,0.64
3126,0.46,0.0,0.01,0.64
3127,0.23,0.27,0.05,0.64
3128,0.25,0.0,0.11,0.64
3129,0.31,0.0,0.08,0.64
3130,0.22,0.0,0.1,0.64
3131,0.07,0.0,0.14,0.64
3132,0.59,0.0,0.01,0.64
3133,0.6,0.0,0.01,0.64
3134,0.56,0.01,0.05,0.64
3135,0.46,0.0,0.05,0.64
3136,0.2,0.11,0.06,0.64
3137,0.45,0.04,0.05,0.64
3138,0.31,0.0,0.08,0.64
3139,0.2,0.01,0.1,0.64
3140,0.59,0.0,0.04,0.64
3141,0.36,0.01,0.06,0.63
3142,0.53,0.0,0.09,0.63
3143,0.35,0.0,0.04,0.63
3144,0.08,0.0,0.44,0.63
3145,0.41,0.0,0.06,0.63
3146,0.01,0.03,0.15,0.63
3147,0.22,0.0,0.07,0.63
3148,0.41,0.0,0.03,0.63
3149,0.35,0.0,0.04,0.63
3150,0.2,0.0,0.04,0.63
3151,0.43,0.0,0.06,0.63
3152,0.53,0.0,0.09,0.63
3153,0.3,0.01,0.1,0.63
3154,0.45,0.0,0.01,0.63
3155,0.3,0.0,0.09,0.63
3156,0.28,0.0,0.1,0.63
3157,0.46,0.0,0.09,0.63
3158,0.0,0.63,0.0,0.63
3159,0.21,0.0,0.07,0.63
3160,0.49,0.0,0.01,0.63
3161,0.32,0.25,0.01,0.63
3162,0.49,0.0,0.04,0.63
3163,0.38,0.0,0.05,0.63
3164,0.38,0.0,0.06,0.63
3165,0.58,0.0,0.05,0.63
3166,0.0,0.63,0.0,0.63
3167,0.33,0.0,0.09,0.63
3168,0.54,0.0,0.04,0.63
3169,0.23,0.01,0.1,0.63
3170,0.12,0.38,0.03,0.63
3171,0.43,0.0,0.14,0.63
3172,0.58,0.0,0.01,0.63
3173,0.34,0.0,0.06,0.63
3174,0.4,0.0,0.0,0.63
3175,0.24,0.0,0.05,0.63
3176,0.31,0.0,0.06,0.63
3177,0.0,0.63,0.0,0.63
3178,0.2,0.0,0.06,0.63
3179,0.22,0.16,0.05,0.63
3180,0.31,0.0,0.08,0.63
3181,0.18,0.34,0.04,0.63
3182,0.0,0.59,0.04,0.63
3183,0.4,0.0,0.05,0.63
3184,0.11,0.15,0.34,0.63
3185,0.35,0.0,0.04,0.63
3186,0.41,0.0,0.05,0.63
3187,0.35,0.0,0.06,0.63
3188,0.22,0.01,0.11,0.63
3189,0.26,0.0,0.07,0.63
3190,0.35,0.0,0.04,0.63
3191,0.48,0.0,0.02,0.63
3192,0.3,0.32,0.0,0.62
3193,0.0,0.62,0.0,0.62
3194,0.4,0.0,0.03,0.62
3195,0.35,0.0,0.04,0.62
3196,0.3,0.0,0.06,0.62
3197,0.21,0.11,0.09,0.62
3198,0.16,0.29,0.04,0.62
3199,0.35,0.0,0.04,0.62
3200,0.22,0.08,0.09,0.62
3201,0.48,0.0,0.02,0.62
3202,0.15,0.0,0.05,0.62
3203,0.58,0.0,0.01,0.62
3204,0.47,0.0,0.02,0.62
3205,0.29,0.0,0.06,0.62
3206,0.1,0.22,0.08,0.62
3207,0.36,0.0,0.06,0.62
3208,0.3,0.0,0.08,0.62
3209,0.26,0.07,0.09,0.62
3210,0.0,0.57,0.01,0.62
3211,0.35,0.0,0.06,0.62
3212,0.38,0.12,0.02,0.62
3213,0.37,0.0,0.03,0.62
3214,0.4,0.0,0.02,0.62
3215,0.17,0.02,0.09,0.62
3216,0.34,0.0,0.04,0.62
3217,0.58,0.0,0.04,0.62
3218,0.3,0.0,0.08,0.62
3219,0.57,0.0,0.04,0.62
3220,0.14,0.27,0.06,0.62
3221,0.58,0.0,0.01,0.62
3222,0.27,0.09,0.08,0.62
3223,0.25,0.0,0.14,0.62
3224,0.21,0.23,0.04,0.62
3225,0.3,0.0,0.08,0.62
3226,0.0,0.62,0.0,0.62
3227,0.48,0.0,0.02,0.62
3228,0.34,0.0,0.11,0.62
3229,0.0,0.62,0.0,0.62
3230,0.0,0.62,0.0,0.62
3231,0.29,0.0,0.07,0.62
3232,0.59,0.0,0.0,0.62
3233,0.0,0.62,0.0,0.62
3234,0.0,0.62,0.0,0.62
3235,0.59,0.0,0.0,0.62
3236,0.0,0.58,0.04,0.62
3237,0.0,0.04,0.0,0.61
3238,0.33,0.11,0.04,0.61
3239,0.56,0.0,0.05,0.61
3240,0.0,0.0,0.57,0.61
3241,0.35,0.0,0.11,0.61
3242,0.21,0.01,0.11,0.61
3243,0.46,0.0,0.02,0.61
3244,0.02,0.57,0.01,0.61
3245,0.12,0.34,0.05,0.61
3246,0.39,0.0,0.05,0.61
3247,0.44,0.0,0.01,0.61
3248,0.3,0.0,0.08,0.61
3249,0.44,0.0,0.01,0.61
3250,0.35,0.0,0.05,0.61
3251,0.46,0.0,0.05,0.61
3252,0.33,0.0,0.05,0.61
3253,0.5,0.0,0.04,0.61
3254,0.44,0.0,0.01,0.61
3255,0.3,0.0,0.08,0.61
3256,0.58,0.0,0.03,0.61
3257,0.0,0.61,0.0,0.61
3258,0.09,0.0,0.07,0.61
3259,0.24,0.14,0.05,0.61
3260,0.34,0.0,0.04,0.61
3261,0.09,0.42,0.03,0.61
3262,0.31,0.0,0.06,0.61
3263,0.37,0.0,0.03,0.61
3264,0.34,0.0,0.04,0.61
3265,0.47,0.01,0.04,0.61
3266,0.18,0.0,0.15,0.61
3267,0.56,0.0,0.05,0.61
3268,0.33,0.21,0.03,0.61
3269,0.56,0.0,0.05,0.61
3270,0.56,0.0,0.05,0.61
3271,0.32,0.0,0.06,0.61
3272,0.27,0.22,0.01,0.61
3273,0.44,0.0,0.01,0.61
3274,0.34,0.0,0.04,0.61
3275,0.44,0.0,0.01,0.61
3276,0.44,0.0,0.01,0.61
3277,0.47,0.0,0.02,0.61
3278,0.33,0.0,0.06,0.61
3279,0.37,0.01,0.06,0.61
3280,0.43,0.0,0.01,0.61
3281,0.58,0.0,0.0,0.61
3282,0.51,0.0,0.05,0.61
3283,0.43,0.0,0.01,0.61
3284,0.34,0.0,0.06,0.61
3285,0.5,0.0,0.08,0.61
3286,0.31,0.0,0.06,0.61
3287,0.3,0.0,0.06,0.61
3288,0.11,0.33,0.02,0.6
3289,0.43,0.0,0.01,0.6
3290,0.19,0.25,0.06,0.6
3291,0.43,0.0,0.01,0.6
3292,0.5,0.0,0.08,0.6
3293,0.4,0.09,0.02,0.6
3294,0.3,0.0,0.08,0.6
3295,0.42,0.0,0.02,0.6
3296,0.0,0.6,0.0,0.6
3297,0.28,0.0,0.06,0.6
3298,0.5,0.0,0.08,0.6
3299,0.36,0.0,0.05,0.6
3300,0.33,0.0,0.05,0.6
3301,0.18,0.2,0.04,0.6
3302,0.38,0.0,0.08,0.6
3303,0.31,0.03,0.05,0.6
3304,0.22,0.04,0.09,0.6
3305,0.12,0.0,0.1,0.6
3306,0.21,0.21,0.04,0.6
3307,0.13,0.0,0.29,0.6
3308,0.29,0.0,0.08,0.6
3309,0.22,0.0,0.14,0.6
3310,0.5,0.0,0.08,0.6
3311,0.0,0.6,0.0,0.6
3312,0.29,0.0,0.08,0.6
3313,0.34,0.0,0.05,0.6
3314,0.37,0.14,0.01,0.6
3315,0.09,0.23,0.02,0.6
3316,0.4,0.0,0.06,0.6
3317,0.29,0.0,0.08,0.6
3318,0.32,0.0,0.04,0.6
3319,0.0,0.56,0.04,0.6
3320,0.0,0.56,0.04,0.6
3321,0.49,0.03,0.05,0.6
3322,0.24,0.0,0.11,0.6
3323,0.25,0.0,0.06,0.6
3324,0.33,0.0,0.04,0.6
3325,0.55,0.0,0.04,0.6
3326,0.0,0.6,0.0,0.6
3327,0.4,0.0,0.07,0.6
3328,0.38,0.0,0.05,0.6
3329,0.34,0.0,0.06,0.6
3330,0.26,0.0,0.1,0.6
3331,0.29,0.0,0.08,0.6
3332,0.31,0.0,0.06,0.6
3333,0.29,0.0,0.09,0.6
3334,0.0,0.6,0.0,0.6
3335,0.26,0.31,0.02,0.6
3336,0.0,0.0,0.06,0.59
3337,0.29,0.0,0.08,0.59
3338,0.13,0.0,0.11,0.59
3339,0.07,0.0,0.07,0.59
3340,0.15,0.0,0.07,0.59
3341,0.0,0.59,0.0,0.59
3342,0.56,0.0,0.03,0.59
3343,0.0,0.56,0.04,0.59
3344,0.15,0.0,0.1,0.59
3345,0.33,0.0,0.04,0.59
3346,0.33,0.0,0.04,0.59
3347,0.46,0.0,0.02,0.59
3348,0.23,0.23,0.03,0.59
3349,0.31,0.0,0.06,0.59
3350,0.17,0.05,0.1,0.59
3351,0.33,0.0,0.04,0.59
3352,0.19,0.0,0.09,0.59
3353,0.0,0.55,0.04,0.59
3354,0.29,0.0,0.08,0.59
3355,0.0,0.59,0.0,0.59
3356,0.21,0.0,0.14,0.59
3357,0.55,0.0,0.01,0.59
3358,0.24,0.0,0.07,0.59
3359,0.21,0.16,0.06,0.59
3360,0.44,0.0,0.02,0.59
3361,0.46,0.0,0.02,0.59
3362,0.55,0.0,0.01,0.59
3363,0.54,0.0,0.04,0.59
3364,0.53,0.0,0.04,0.59
3365,0.52,0.0,0.04,0.59
3366,0.47,0.0,0.01,0.59
3367,0.47,0.0,0.01,0.59
3368,0.33,0.0,0.05,0.59
3369,0.36,0.14,0.02,0.59
3370,0.0,0.59,0.0,0.59
3371,0.39,0.02,0.04,0.59
3372,0.36,0.0,0.07,0.59
3373,0.05,0.42,0.03,0.59
3374,0.13,0.01,0.23,0.59
3375,0.51,0.0,0.05,0.59
3376,0.36,0.0,0.05,0.59
3377,0.33,0.0,0.04,0.59
3378,0.18,0.0,0.07,0.59
3379,0.29,0.0,0.08,0.59
3380,0.39,0.13,0.04,0.59
3381,0.2,0.08,0.08,0.59
3382,0.35,0.0,0.1,0.59
3383,0.25,0.0,0.09,0.59
3384,0.28,0.0,0.09,0.59
3385,0.34,0.11,0.01,0.59
3386,0.29,0.0,0.07,0.59
3387,0.14,0.0,0.07,0.59
3388,0.0,0.59,0.0,0.59
3389,0.26,0.0,0.1,0.59
3390,0.22,0.14,0.06,0.58
3391,0.15,0.0,0.07,0.58
3392,0.53,0.0,0.04,0.58
3393,0.29,0.0,0.07,0.58
3394,0.29,0.0,0.06,0.58
3395,0.28,0.0,0.05,0.58
3396,0.0,0.55,0.04,0.58
3397,0.29,0.07,0.04,0.58
3398,0.53,0.0,0.04,0.58
3399,0.3,0.0,0.1,0.58
3400,0.55,0.0,0.01,0.58
3401,0.06,0.47,0.01,0.58
3402,0.49,0.0,0.08,0.58
3403,0.35,0.17,0.03,0.58
3404,0.21,0.0,0.07,0.58
3405,0.35,0.0,0.05,0.58
3406,0.02,0.0,0.39,0.58
3407,0.3,0.02,0.04,0.58
3408,0.23,0.0,0.07,0.58
3409,0.31,0.0,0.05,0.58
3410,0.21,0.0,0.07,0.58
3411,0.54,0.0,0.04,0.58
3412,0.31,0.02,0.06,0.58
3413,0.32,0.0,0.04,0.58
3414,0.27,0.0,0.05,0.58
3415,0.28,0.0,0.07,0.58
3416,0.37,0.0,0.05,0.58
3417,0.27,0.22,0.03,0.58
3418,0.15,0.0,0.03,0.58
3419,0.14,0.0,0.04,0.58
3420,0.06,0.19,0.03,0.58
3421,0.28,0.0,0.07,0.58
3422,0.23,0.16,0.04,0.58
3423,0.0,0.54,0.04,0.58
3424,0.33,0.0,0.03,0.58
3425,0.28,0.0,0.07,0.58
3426,0.32,0.0,0.04,0.58
3427,0.42,0.0,0.01,0.58
3428,0.25,0.31,0.02,0.58
3429,0.05,0.5,0.01,0.58
3430,0.53,0.0,0.04,0.58
3431,0.28,0.0,0.07,0.58
3432,0.32,0.0,0.04,0.58
3433,0.0,0.58,0.0,0.58
3434,0.53,0.0,0.04,0.58
3435,0.21,0.0,0.09,0.58
3436,0.24,0.26,0.03,0.58
3437,0.0,0.58,0.0,0.58
3438,0.43,0.0,0.06,0.58
3439,0.27,0.14,0.06,0.58
3440,0.36,0.06,0.06,0.58
3441,0.32,0.0,0.04,0.58
3442,0.45,0.0,0.02,0.58
3443,0.54,0.0,0.04,0.58
3444,0.28,0.0,0.07,0.58
3445,0.48,0.0,0.08,0.58
3446,0.38,0.0,0.07,0.58
3447,0.1,0.01,0.06,0.58
3448,0.52,0.0,0.04,0.58
3449,0.32,0.0,0.04,0.58
3450,0.34,0.02,0.05,0.58
3451,0.55,0.0,0.0,0.58
3452,0.0,0.0,0.04,0.58
3453,0.28,0.0,0.07,0.58
3454,0.08,0.0,0.12,0.57
3455,0.28,0.27,0.02,0.57
3456,0.24,0.13,0.04,0.57
3457,0.29,0.0,0.06,0.57
3458,0.49,0.0,0.04,0.57
3459,0.53,0.0,0.04,0.57
3460,0.32,0.0,0.02,0.57
3461,0.28,0.0,0.07,0.57
3462,0.41,0.0,0.01,0.57
3463,0.23,0.0,0.06,0.57
3464,0.0,0.57,0.0,0.57
3465,0.37,0.0,0.05,0.57
3466,0.27,0.0,0.06,0.57
3467,0.0,0.54,0.04,0.57
3468,0.41,0.0,0.01,0.57
3469,0.24,0.01,0.09,0.57
3470,0.53,0.0,0.04,0.57
3471,0.11,0.35,0.04,0.57
3472,0.22,0.0,0.33,0.57
3473,0.21,0.0,0.13,0.57
3474,0.25,0.0,0.06,0.57
3475,0.44,0.0,0.02,0.57
3476,0.3,0.04,0.05,0.57
3477,0.01,0.0,0.11,0.57
3478,0.52,0.0,0.04,0.57
3479,0.47,0.0,0.08,0.57
3480,0.38,0.0,0.04,0.57
3481,0.51,0.0,0.04,0.57
3482,0.36,0.03,0.07,0.57
3483,0.0,0.57,0.0,0.57
3484,0.48,0.0,0.0,0.57
3485,0.52,0.0,0.04,0.57
3486,0.1,0.29,0.07,0.57
3487,0.27,0.0,0.05,0.57
3488,0.43,0.0,0.02,0.57
3489,0.11,0.35,0.03,0.57
3490,0.32,0.0,0.05,0.57
3491,0.5,0.0,0.04,0.57
3492,0.28,0.0,0.07,0.57
3493,0.47,0.0,0.08,0.57
3494,0.42,0.02,0.02,0.57
3495,0.0,0.57,0.0,0.57
3496,0.45,0.0,0.02,0.57
3497,0.19,0.04,0.09,0.57
3498,0.0,0.57,0.0,0.57
3499,0.29,0.0,0.06,0.57
3500,0.39,0.0,0.02,0.57
3501,0.19,0.17,0.05,0.57
3502,0.31,0.0,0.04,0.57
3503,0.28,0.0,0.07,0.57
3504,0.28,0.0,0.09,0.57
3505,0.4,0.0,0.05,0.57
3506,0.19,0.0,0.06,0.57
3507,0.09,0.0,0.07,0.57
3508,0.21,0.05,0.09,0.57
3509,0.24,0.0,0.05,0.56
3510,0.11,0.34,0.04,0.56
3511,0.44,0.0,0.02,0.56
3512,0.23,0.09,0.06,0.56
3513,0.26,0.24,0.03,0.56
3514,0.4,0.0,0.01,0.56
3515,0.4,0.0,0.01,0.56
3516,0.28,0.0,0.07,0.56
3517,0.4,0.0,0.01,0.56
3518,0.28,0.0,0.07,0.56
3519,0.31,0.13,0.01,0.56
3520,0.4,0.0,0.02,0.56
3521,0.28,0.0,0.07,0.56
3522,0.31,0.0,0.04,0.56
3523,0.28,0.0,0.07,0.56
3524,0.41,0.0,0.07,0.56
3525,0.4,0.0,0.01,0.56
3526,0.28,0.0,0.07,0.56
3527,0.27,0.22,0.03,0.56
3528,0.28,0.0,0.07,0.56
3529,0.31,0.0,0.04,0.56
3530,0.32,0.0,0.05,0.56
3531,0.28,0.0,0.07,0.56
3532,0.39,0.0,0.02,0.56
3533,0.28,0.0,0.06,0.56
3534,0.27,0.0,0.07,0.56
3535,0.4,0.0,0.01,0.56
3536,0.43,0.0,0.02,0.56
3537,0.31,0.0,0.04,0.56
3538,0.41,0.0,0.04,0.56
3539,0.49,0.0,0.04,0.56
3540,0.43,0.0,0.02,0.56
3541,0.39,0.07,0.01,0.56
3542,0.09,0.45,0.0,0.56
3543,0.27,0.0,0.07,0.56
3544,0.26,0.12,0.04,0.56
3545,0.15,0.26,0.04,0.56
3546,0.44,0.0,0.04,0.56
3547,0.13,0.27,0.06,0.56
3548,0.34,0.01,0.05,0.56
3549,0.15,0.0,0.07,0.56
3550,0.0,0.56,0.0,0.56
3551,0.27,0.0,0.07,0.56
3552,0.27,0.0,0.06,0.56
3553,0.27,0.0,0.07,0.56
3554,0.4,0.0,0.01,0.56
3555,0.4,0.0,0.01,0.56
3556,0.39,0.0,0.02,0.56
3557,0.32,0.0,0.05,0.56
3558,0.17,0.0,0.14,0.56
3559,0.27,0.0,0.07,0.56
3560,0.0,0.56,0.0,0.56
3561,0.49,0.0,0.04,0.56
3562,0.52,0.0,0.02,0.56
3563,0.0,0.56,0.0,0.56
3564,0.28,0.0,0.04,0.56
3565,0.48,0.0,0.04,0.56
3566,0.18,0.22,0.06,0.56
3567,0.27,0.0,0.06,0.56
3568,0.24,0.0,0.06,0.56
3569,0.27,0.0,0.07,0.56
3570,0.37,0.14,0.03,0.56
3571,0.5,0.0,0.03,0.56
3572,0.51,0.0,0.04,0.56
3573,0.27,0.0,0.07,0.56
3574,0.18,0.0,0.02,0.56
3575,0.42,0.0,0.01,0.56
3576,0.39,0.02,0.06,0.56
3577,0.37,0.0,0.05,0.56
3578,0.27,0.06,0.04,0.55
3579,0.15,0.14,0.07,0.55
3580,0.31,0.0,0.04,0.55
3581,0.41,0.0,0.04,0.55
3582,0.35,0.0,0.05,0.55
3583,0.27,0.0,0.07,0.55
3584,0.34,0.15,0.06,0.55
3585,0.35,0.0,0.08,0.55
3586,0.42,0.0,0.02,0.55
3587,0.0,0.55,0.0,0.55
3588,0.22,0.0,0.05,0.55
3589,0.24,0.0,0.09,0.55
3590,0.4,0.0,0.02,0.55
3591,0.0,0.52,0.04,0.55
3592,0.0,0.55,0.0,0.55
3593,0.3,0.0,0.07,0.55
3594,0.52,0.0,0.01,0.55
3595,0.31,0.0,0.04,0.55
3596,0.52,0.0,0.04,0.55
3597,0.31,0.0,0.04,0.55
3598,0.0,0.55,0.0,0.55
3599,0.0,0.55,0.0,0.55
3600,0.21,0.12,0.05,0.55
3601,0.27,0.0,0.07,0.55
3602,0.29,0.04,0.07,0.55
3603,0.32,0.03,0.05,0.55
3604,0.47,0.0,0.04,0.55
3605,0.18,0.0,0.1,0.55
3606,0.33,0.0,0.0,0.55
3607,0.17,0.0,0.05,0.55
3608,0.0,0.55,0.0,0.55
3609,0.5,0.0,0.05,0.55
3610,0.51,0.0,0.04,0.55
3611,0.51,0.0,0.04,0.55
3612,0.34,0.0,0.02,0.55
3613,0.22,0.24,0.01,0.55
3614,0.31,0.0,0.04,0.55
3615,0.2,0.02,0.09,0.55
3616,0.31,0.0,0.04,0.55
3617,0.0,0.51,0.04,0.55
3618,0.0,0.55,0.0,0.55
3619,0.4,0.0,0.02,0.55
3620,0.0,0.55,0.0,0.55
3621,0.18,0.07,0.08,0.55
3622,0.39,0.0,0.01,0.55
3623,0.0,0.55,0.0,0.55
3624,0.3,0.0,0.05,0.55
3625,0.31,0.21,0.03,0.55
3626,0.49,0.0,0.04,0.55
3627,0.39,0.0,0.01,0.55
3628,0.11,0.36,0.02,0.55
3629,0.29,0.02,0.04,0.55
3630,0.39,0.0,0.02,0.55
3631,0.45,0.0,0.07,0.55
3632,0.22,0.03,0.05,0.55
3633,0.51,0.0,0.04,0.55
3634,0.27,0.0,0.07,0.55
3635,0.3,0.0,0.04,0.55
3636,0.4,0.0,0.02,0.55
3637,0.26,0.13,0.07,0.55
3638,0.12,0.0,0.1,0.54
3639,0.36,0.0,0.19,0.54
3640,0.0,0.0,0.48,0.54
3641,0.49,0.0,0.04,0.54
3642,0.46,0.01,0.05,0.54
3643,0.4,0.0,0.02,0.54
3644,0.16,0.0,0.04,0.54
3645,0.0,0.54,0.0,0.54
3646,0.0,0.54,0.0,0.54
3647,0.4,0.08,0.04,0.54
3648,0.29,0.04,0.05,0.54
3649,0.07,0.0,0.07,0.54
3650,0.42,0.0,0.02,0.54
3651,0.11,0.02,0.14,0.54
3652,0.27,0.0,0.07,0.54
3653,0.4,0.03,0.04,0.54
3654,0.08,0.01,0.11,0.54
3655,0.25,0.0,0.08,0.54
3656,0.14,0.25,0.04,0.54
3657,0.39,0.0,0.01,0.54
3658,0.15,0.0,0.09,0.54
3659,0.0,0.38,0.02,0.54
3660,0.0,0.54,0.0,0.54
3661,0.29,0.0,0.05,0.54
3662,0.13,0.1,0.07,0.54
3663,0.25,0.0,0.06,0.54
3664,0.26,0.0,0.07,0.54
3665,0.42,0.0,0.04,0.54
3666,0.5,0.0,0.01,0.54
3667,0.43,0.0,0.01,0.54
3668,0.11,0.0,0.03,0.54
3669,0.0,0.54,0.0,0.54
3670,0.39,0.01,0.04,0.54
3671,0.21,0.13,0.06,0.54
3672,0.09,0.35,0.04,0.54
3673,0.29,0.16,0.01,0.54
3674,0.0,0.54,0.0,0.54
3675,0.24,0.0,0.06,0.54
3676,0.0,0.5,0.04,0.54
3677,0.4,0.0,0.04,0.54
3678,0.12,0.18,0.09,0.54
3679,0.28,0.0,0.05,0.54
3680,0.51,0.0,0.03,0.54
3681,0.33,0.15,0.03,0.54
3682,0.13,0.01,0.11,0.54
3683,0.22,0.0,0.09,0.54
3684,0.39,0.0,0.01,0.54
3685,0.32,0.0,0.05,0.54
3686,0.42,0.0,0.01,0.54
3687,0.35,0.0,0.05,0.54
3688,0.46,0.0,0.02,0.54
3689,0.42,0.0,0.04,0.54
3690,0.39,0.1,0.04,0.54
3691,0.0,0.54,0.0,0.54
3692,0.26,0.0,0.07,0.54
3693,0.0,0.48,0.0,0.54
3694,0.45,0.0,0.07,0.54
3695,0.3,0.0,0.04,0.54
3696,0.14,0.0,0.08,0.54
3697,0.32,0.0,0.04,0.54
3698,0.5,0.0,0.01,0.54
3699,0.04,0.48,0.0,0.54
3700,0.26,0.0,0.07,0.54
3701,0.26,0.0,0.07,0.54
3702,0.22,0.24,0.03,0.54
3703,0.26,0.0,0.07,0.54
3704,0.13,0.0,0.04,0.54
3705,0.0,0.53,0.0,0.53
3706,0.21,0.0,0.05,0.53
3707,0.26,0.0,0.07,0.53
3708,0.07,0.38,0.03,0.53
3709,0.45,0.0,0.07,0.53
3710,0.49,0.0,0.04,0.53
3711,0.26,0.0,0.07,0.53
3712,0.25,0.17,0.05,0.53
3713,0.15,0.27,0.05,0.53
3714,0.26,0.0,0.07,0.53
3715,0.38,0.0,0.01,0.53
3716,0.44,0.0,0.07,0.53
3717,0.3,0.0,0.03,0.53
3718,0.26,0.0,0.07,0.53
3719,0.4,0.0,0.02,0.53
3720,0.18,0.33,0.02,0.53
3721,0.26,0.0,0.06,0.53
3722,0.26,0.0,0.07,0.53
3723,0.3,0.0,0.03,0.53
3724,0.26,0.0,0.07,0.53
3725,0.4,0.0,0.02,0.53
3726,0.3,0.0,0.03,0.53
3727,0.28,0.02,0.04,0.53
3728,0.39,0.0,0.04,0.53
3729,0.0,0.53,0.0,0.53
3730,0.0,0.53,0.0,0.53
3731,0.0,0.53,0.0,0.53
3732,0.34,0.0,0.02,0.53
3733,0.09,0.0,0.12,0.53
3734,0.23,0.12,0.04,0.53
3735,0.32,0.0,0.01,0.53
3736,0.12,0.02,0.14,0.53
3737,0.32,0.0,0.02,0.53
3738,0.16,0.0,0.09,0.53
3739,0.26,0.0,0.07,0.53
3740,0.31,0.0,0.03,0.53
3741,0.26,0.0,0.07,0.53
3742,0.2,0.02,0.05,0.53
3743,0.43,0.0,0.01,0.53
3744,0.48,0.0,0.04,0.53
3745,0.35,0.0,0.08,0.53
3746,0.41,0.0,0.01,0.53
3747,0.27,0.0,0.05,0.53
3748,0.5,0.0,0.03,0.53
3749,0.0,0.49,0.03,0.53
3750,0.23,0.01,0.08,0.53
3751,0.32,0.0,0.05,0.53
3752,0.28,0.0,0.05,0.53
3753,0.17,0.0,0.1,0.53
3754,0.48,0.0,0.04,0.53
3755,0.08,0.0,0.16,0.53
3756,0.26,0.0,0.07,0.53
3757,0.41,0.0,0.01,0.53
3758,0.26,0.0,0.07,0.53
3759,0.44,0.0,0.07,0.53
3760,0.2,0.0,0.13,0.53
3761,0.0,0.53,0.0,0.53
3762,0.48,0.0,0.04,0.53
3763,0.28,0.0,0.08,0.53
3764,0.3,0.16,0.03,0.53
3765,0.35,0.0,0.05,0.53
3766,0.22,0.04,0.1,0.53
3767,0.49,0.0,0.0,0.53
3768,0.49,0.0,0.0,0.53
3769,0.0,0.49,0.03,0.53
3770,0.26,0.0,0.07,0.53
3771,0.24,0.19,0.01,0.52
3772,0.0,0.52,0.0,0.52
3773,0.47,0.0,0.04,0.52
3774,0.29,0.0,0.03,0.52
3775,0.46,0.02,0.04,0.52
3776,0.0,0.52,0.0,0.52
3777,0.37,0.0,0.04,0.52
3778,0.09,0.0,0.07,0.52
3779,0.45,0.0,0.04,0.52
3780,0.46,0.0,0.05,0.52
3781,0.13,0.0,0.39,0.52
3782,0.29,0.0,0.03,0.52
3783,0.47,0.0,0.04,0.52
3784,0.29,0.0,0.03,0.52
3785,0.44,0.0,0.04,0.52
3786,0.18,0.16,0.05,0.52
3787,0.26,0.0,0.07,0.52
3788,0.39,0.0,0.02,0.52
3789,0.18,0.22,0.04,0.52
3790,0.46,0.02,0.04,0.52
3791,0.35,0.0,0.06,0.52
3792,0.29,0.0,0.03,0.52
3793,0.28,0.16,0.01,0.52
3794,0.29,0.0,0.03,0.52
3795,0.15,0.28,0.02,0.52
3796,0.12,0.28,0.03,0.52
3797,0.17,0.0,0.06,0.52
3798,0.23,0.0,0.05,0.52
3799,0.26,0.01,0.1,0.52
3800,0.09,0.0,0.11,0.52
3801,0.46,0.0,0.03,0.52
3802,0.21,0.0,0.09,0.52
3803,0.17,0.18,0.04,0.52
3804,0.0,0.52,0.0,0.52
3805,0.25,0.02,0.06,0.52
3806,0.44,0.0,0.04,0.52
3807,0.25,0.0,0.07,0.52
3808,0.38,0.0,0.02,0.52
3809,0.37,0.0,0.01,0.52
3810,0.36,0.08,0.04,0.52
3811,0.47,0.01,0.04,0.52
3812,0.25,0.0,0.07,0.52
3813,0.1,0.31,0.03,0.52
3814,0.0,0.52,0.0,0.52
3815,0.25,0.0,0.07,0.52
3816,0.37,0.0,0.01,0.52
3817,0.37,0.0,0.01,0.52
3818,0.48,0.0,0.04,0.52
3819,0.17,0.2,0.03,0.52
3820,0.46,0.0,0.0,0.52
3821,0.35,0.0,0.05,0.52
3822,0.38,0.0,0.02,0.52
3823,0.29,0.0,0.03,0.52
3824,0.25,0.0,0.07,0.52
3825,0.46,0.0,0.04,0.51
3826,0.13,0.25,0.03,0.51
3827,0.0,0.0,0.06,0.51
3828,0.29,0.01,0.04,0.51
3829,0.25,0.0,0.07,0.51
3830,0.34,0.0,0.04,0.51
3831,0.13,0.27,0.05,0.51
3832,0.17,0.0,0.09,0.51
3833,0.08,0.35,0.03,0.51
3834,0.35,0.0,0.04,0.51
3835,0.25,0.0,0.07,0.51
3836,0.18,0.0,0.04,0.51
3837,0.29,0.0,0.04,0.51
3838,0.12,0.07,0.12,0.51
3839,0.26,0.0,0.05,0.51
3840,0.17,0.02,0.09,0.51
3841,0.12,0.06,0.05,0.51
3842,0.25,0.0,0.05,0.51
3843,0.0,0.51,0.0,0.51
3844,0.4,0.0,0.01,0.51
3845,0.0,0.51,0.0,0.51
3846,0.25,0.0,0.07,0.51
3847,0.28,0.0,0.03,0.51
3848,0.47,0.0,0.04,0.51
3849,0.46,0.0,0.04,0.51
3850,0.28,0.17,0.03,0.51
3851,0.18,0.3,0.02,0.51
3852,0.37,0.0,0.01,0.51
3853,0.36,0.02,0.04,0.51
3854,0.41,0.0,0.01,0.51
3855,0.0,0.51,0.0,0.51
3856,0.01,0.22,0.02,0.51
3857,0.47,0.0,0.04,0.51
3858,0.33,0.0,0.05,0.51
3859,0.24,0.0,0.08,0.51
3860,0.45,0.0,0.04,0.51
3861,0.19,0.0,0.09,0.51
3862,0.44,0.0,0.02,0.51
3863,0.0,0.48,0.03,0.51
3864,0.37,0.0,0.01,0.51
3865,0.44,0.0,0.04,0.51
3866,0.15,0.2,0.04,0.51
3867,0.18,0.02,0.09,0.51
3868,0.32,0.11,0.04,0.51
3869,0.08,0.0,0.15,0.51
3870,0.3,0.0,0.05,0.51
3871,0.17,0.3,0.02,0.51
3872,0.36,0.07,0.04,0.51
3873,0.42,0.0,0.07,0.51
3874,0.18,0.0,0.12,0.51
3875,0.27,0.01,0.04,0.51
3876,0.47,0.0,0.03,0.51
3877,0.37,0.0,0.02,0.51
3878,0.25,0.0,0.06,0.51
3879,0.0,0.51,0.0,0.51
3880,0.42,0.0,0.04,0.51
3881,0.18,0.0,0.08,0.51
3882,0.0,0.0,0.09,0.51
3883,0.36,0.0,0.01,0.51
3884,0.26,0.0,0.06,0.51
3885,0.46,0.0,0.04,0.51
3886,0.37,0.0,0.02,0.51
3887,0.25,0.0,0.06,0.51
3888,0.47,0.0,0.01,0.51
3889,0.22,0.05,0.06,0.51
3890,0.29,0.0,0.05,0.51
3891,0.14,0.02,0.09,0.51
3892,0.25,0.0,0.06,0.51
3893,0.12,0.0,0.06,0.51
3894,0.28,0.0,0.03,0.51
3895,0.36,0.0,0.01,0.5
3896,0.1,0.0,0.06,0.5
3897,0.45,0.0,0.04,0.5
3898,0.42,0.0,0.07,0.5
3899,0.25,0.0,0.06,0.5
3900,0.47,0.0,0.01,0.5
3901,0.27,0.04,0.04,0.5
3902,0.1,0.0,0.07,0.5
3903,0.31,0.0,0.07,0.5
3904,0.42,0.0,0.02,0.5
3905,0.22,0.11,0.05,0.5
3906,0.0,0.5,0.0,0.5
3907,0.14,0.32,0.02,0.5
3908,0.39,0.0,0.01,0.5
3909,0.28,0.0,0.03,0.5
3910,0.25,0.0,0.06,0.5
3911,0.25,0.0,0.06,0.5
3912,0.25,0.0,0.06,0.5
3913,0.47,0.0,0.01,0.5
3914,0.25,0.0,0.06,0.5
3915,0.25,0.0,0.06,0.5
3916,0.27,0.0,0.04,0.5
3917,0.2,0.0,0.04,0.5
3918,0.34,0.0,0.04,0.5
3919,0.43,0.0,0.04,0.5
3920,0.22,0.18,0.02,0.5
3921,0.27,0.07,0.05,0.5
3922,0.46,0.0,0.04,0.5
3923,0.4,0.0,0.01,0.5
3924,0.46,0.0,0.04,0.5
3925,0.24,0.0,0.06,0.5
3926,0.13,0.31,0.01,0.5
3927,0.27,0.17,0.02,0.5
3928,0.0,0.5,0.0,0.5
3929,0.27,0.0,0.05,0.5
3930,0.45,0.0,0.04,0.5
3931,0.41,0.03,0.04,0.5
3932,0.28,0.0,0.03,0.5
3933,0.3,0.08,0.02,0.5
3934,0.11,0.29,0.03,0.5
3935,0.11,0.01,0.13,0.5
3936,0.24,0.0,0.06,0.5
3937,0.2,0.0,0.08,0.5
3938,0.24,0.0,0.06,0.5
3939,0.29,0.0,0.04,0.5
3940,0.41,0.0,0.07,0.5
3941,0.47,0.0,0.03,0.5
3942,0.22,0.0,0.04,0.5
3943,0.46,0.0,0.04,0.5
3944,0.11,0.28,0.03,0.5
3945,0.28,0.0,0.05,0.5
3946,0.29,0.0,0.05,0.5
3947,0.38,0.0,0.01,0.5
3948,0.24,0.0,0.06,0.5
3949,0.0,0.5,0.0,0.5
3950,0.09,0.32,0.03,0.5
3951,0.24,0.0,0.06,0.5
3952,0.36,0.0,0.01,0.5
3953,0.0,0.5,0.0,0.5
3954,0.0,0.46,0.03,0.5
3955,0.41,0.0,0.07,0.5
3956,0.41,0.0,0.07,0.5
3957,0.21,0.0,0.08,0.5
3958,0.24,0.0,0.06,0.5
3959,0.25,0.01,0.04,0.5
3960,0.46,0.0,0.01,0.5
3961,0.24,0.0,0.06,0.5
3962,0.46,0.0,0.01,0.5
3963,0.46,0.0,0.01,0.5
3964,0.19,0.12,0.03,0.5
3965,0.46,0.0,0.04,0.49
3966,0.3,0.03,0.04,0.49
3967,0.16,0.13,0.03,0.49
3968,0.26,0.05,0.04,0.49
3969,0.44,0.0,0.04,0.49
3970,0.35,0.0,0.01,0.49
3971,0.21,0.0,0.08,0.49
3972,0.46,0.0,0.01,0.49
3973,0.0,0.49,0.0,0.49
3974,0.09,0.0,0.11,0.49
3975,0.41,0.0,0.07,0.49
3976,0.2,0.01,0.05,0.49
3977,0.31,0.02,0.04,0.49
3978,0.38,0.0,0.01,0.49
3979,0.24,0.07,0.03,0.49
3980,0.35,0.0,0.01,0.49
3981,0.34,0.0,0.02,0.49
3982,0.45,0.0,0.03,0.49
3983,0.45,0.0,0.04,0.49
3984,0.35,0.0,0.01,0.49
3985,0.12,0.24,0.03,0.49
3986,0.12,0.0,0.06,0.49
3987,0.0,0.49,0.0,0.49
3988,0.0,0.49,0.0,0.49
3989,0.37,0.0,0.02,0.49
3990,0.24,0.0,0.05,0.49
3991,0.18,0.16,0.03,0.49
3992,0.16,0.0,0.03,0.49
3993,0.24,0.03,0.05,0.49
3994,0.42,0.02,0.03,0.49
3995,0.2,0.0,0.07,0.49
3996,0.28,0.0,0.04,0.49
3997,0.0,0.49,0.0,0.49
3998,0.07,0.09,0.07,0.49
3999,0.24,0.0,0.06,0.49
